﻿"Label (Grouping)","United States!!Estimate","United States!!Margin of Error"
"Total:","74,826,771","±39,118"
"    Women who had a birth in the past 12 months:","3,919,986","±33,187"
"        Now married (including separated and spouse absent):","2,527,765","±25,055"
"            Below 100 percent of poverty level in the past 12 months","326,792","±10,871"
"            100 to 199 percent of poverty level in the past 12 months","501,401","±11,121"
"            200 percent or more of poverty level in the past 12 months","1,699,572","±18,942"
"        Unmarried (never married, widowed and divorced):","1,392,221","±22,404"
"            Below 100 percent of poverty level in the past 12 months","673,929","±14,026"
"            100 to 199 percent of poverty level in the past 12 months","333,252","±12,472"
"            200 percent or more of poverty level in the past 12 months","385,040","±11,262"
"    Women who did not have a birth in the past 12 months:","70,906,785","±53,136"
"        Now married (including separated and spouse absent):","30,804,195","±83,477"
"            Below 100 percent of poverty level in the past 12 months","2,824,169","±31,871"
"            100 to 199 percent of poverty level in the past 12 months","4,670,009","±34,807"
"            200 percent or more of poverty level in the past 12 months","23,310,017","±84,160"
"        Unmarried (never married, widowed and divorced):","40,102,590","±92,515"
"            Below 100 percent of poverty level in the past 12 months","9,325,255","±73,822"
"            100 to 199 percent of poverty level in the past 12 months","8,283,183","±60,800"
"            200 percent or more of poverty level in the past 12 months","22,494,152","±66,900"