County,Persistent Poverty
"Acadia Parish, Louisiana",yes
"Adair County, Missouri",yes
"Adair County, Oklahoma",yes
"Adams County, Mississippi",yes
"Alachua County, Florida",yes
"Alamosa County, Colorado",yes
"Alexander County, Illinois",yes
"Allendale County, South Carolina",yes
"Amite County, Mississippi",yes
"Apache County, Arizona",yes
"Athens County, Ohio",yes
"Atkinson County, Georgia",yes
"Attala County, Mississippi",yes
"Avoyelles Parish, Louisiana",yes
"Bacon County, Georgia",yes
"Baker County, Georgia",yes
"Baltimore City, Maryland",yes
"Bamberg County, South Carolina",yes
"Barbour County, Alabama",yes
"Barnwell County, South Carolina",yes
"Bath County, Kentucky",yes
"Bee County, Texas",yes
"Bell County, Kentucky",yes
"Ben Hill County, Georgia",yes
"Bennett County, South Dakota",yes
"Benson County, North Dakota",yes
"Benton County, Mississippi",yes
"Bertie County, North Carolina",yes
"Bienville Parish, Louisiana",yes
"Big Horn County, Montana",yes
"Bladen County, North Carolina",yes
"Blaine County, Montana",yes
"Bolivar County, Mississippi",yes
"Bradley County, Arkansas",yes
"Braxton County, West Virginia",yes
"Brazos County, Texas",yes
"Breathitt County, Kentucky",yes
"Bronx County, New York",yes
"Brooks County, Georgia",yes
"Brooks County, Texas",yes
"Buchanan County, Virginia",yes
"Buffalo County, South Dakota",yes
"Bulloch County, Georgia",yes
"Bullock County, Alabama",yes
"Burke County, Georgia",yes
"Butler County, Alabama",yes
"Caddo Parish, Louisiana",yes
"Calhoun County, Georgia",yes
"Calhoun County, West Virginia",yes
"Cameron County, Texas",yes
"Campbell County, Tennessee",yes
"Casey County, Kentucky",yes
"Catahoula Parish, Louisiana",yes
"Charlottesville City, Virginia",yes
"Cherokee County, Oklahoma",yes
"Chickasaw County, Mississippi",yes
"Chicot County, Arkansas",yes
"Choctaw County, Alabama",yes
"Choctaw County, Oklahoma",yes
"Cibola County, New Mexico",yes
"Claiborne County, Mississippi",yes
"Claiborne County, Tennessee",yes
"Claiborne Parish, Louisiana",yes
"Clarendon County, South Carolina",yes
"Clarke County, Alabama",yes
"Clarke County, Georgia",yes
"Clay County, Georgia",yes
"Clay County, Kentucky",yes
"Clay County, Mississippi",yes
"Clay County, South Dakota",yes
"Clay County, West Virginia",yes
"Clinch County, Georgia",yes
"Clinton County, Kentucky",yes
"Coahoma County, Mississippi",yes
"Coal County, Oklahoma",yes
"Cocke County, Tennessee",yes
"Colleton County, South Carolina",yes
"Columbia County, Arkansas",yes
"Columbus County, North Carolina",yes
"Concordia Parish, Louisiana",yes
"Cook County, Georgia",yes
"Copiah County, Mississippi",yes
"Corson County, South Dakota",yes
"Costilla County, Colorado",yes
"Covington County, Mississippi",yes
"Crisp County, Georgia",yes
"Crittenden County, Arkansas",yes
"Crosby County, Texas",yes
"Culberson County, Texas",yes
"Cumberland County, Kentucky",yes
"Dallas County, Alabama",yes
"Decatur County, Georgia",yes
"Desha County, Arkansas",yes
"Dewey County, South Dakota",yes
"Dickenson County, Virginia",yes
"Dillon County, South Carolina",yes
"Dimmit County, Texas",yes
"Dona Ana County, New Mexico",yes
"Dooly County, Georgia",yes
"Dougherty County, Georgia",yes
"Dunklin County, Missouri",yes
"Duval County, Texas",yes
"Early County, Georgia",yes
"East Carroll Parish, Louisiana",yes
"El Paso County, Texas",yes
"Elliott County, Kentucky",yes
"Emanuel County, Georgia",yes
"Escambia County, Alabama",yes
"Estill County, Kentucky",yes
"Evangeline Parish, Louisiana",yes
"Evans County, Georgia",yes
"Falls County, Texas",yes
"Fayette County, West Virginia",yes
"Fentress County, Tennessee",yes
"Floyd County, Kentucky",yes
"Forrest County, Mississippi",yes
"Franklin Parish, Louisiana",yes
"Fresno County, California",yes
"Frio County, Texas",yes
"Fulton County, Kentucky",yes
"Glacier County, Montana",yes
"Grady County, Georgia",yes
"Graham County, Arizona",yes
"Greene County, Alabama",yes
"Grenada County, Mississippi",yes
"Grundy County, Tennessee",yes
"Hale County, Alabama",yes
"Halifax County, North Carolina",yes
"Hall County, Texas",yes
"Hamilton County, Florida",yes
"Hampton County, South Carolina",yes
"Hancock County, Georgia",yes
"Hancock County, Tennessee",yes
"Hardee County, Florida",yes
"Harlan County, Kentucky",yes
"Harrisonburg City, Virginia",yes
"Hart County, Kentucky",yes
"Hempstead County, Arkansas",yes
"Hidalgo County, New Mexico",yes
"Hidalgo County, Texas",yes
"Holmes County, Mississippi",yes
"Houston County, Texas",yes
"Hudspeth County, Texas",yes
"Hughes County, Oklahoma",yes
"Humphreys County, Mississippi",yes
"Iberia Parish, Louisiana",yes
"Imperial County, California",yes
"Isabella County, Michigan",yes
"Issaquena County, Mississippi",yes
"Jackson County, Illinois",yes
"Jackson County, Kentucky",yes
"Jackson County, South Dakota",yes
"Jasper County, Mississippi",yes
"Jefferson County, Arkansas",yes
"Jefferson County, Georgia",yes
"Jefferson County, Mississippi",yes
"Jefferson Davis County, Mississippi",yes
"Jenkins County, Georgia",yes
"Jim Wells County, Texas",yes
"Johnson County, Georgia",yes
"Johnson County, Kentucky",yes
"Johnson County, Tennessee",yes
"Johnston County, Oklahoma",yes
"Kemper County, Mississippi",yes
"Kleberg County, Texas",yes
"Knott County, Kentucky",yes
"Knox County, Kentucky",yes
"Kusilvak Census Area, Alaska",yes
"Lafayette County, Arkansas",yes
"Lafayette County, Mississippi",yes
"Lake County, Tennessee",yes
"Lauderdale County, Mississippi",yes
"Laurel County, Kentucky",yes
"Lawrence County, Kentucky",yes
"Leake County, Mississippi",yes
"Lee County, Arkansas",yes
"Lee County, Kentucky",yes
"Lee County, South Carolina",yes
"Lee County, Virginia",yes
"Leflore County, Mississippi",yes
"Leslie County, Kentucky",yes
"Letcher County, Kentucky",yes
"Lewis County, Kentucky",yes
"Lincoln County, Kentucky",yes
"Lincoln County, West Virginia",yes
"Lincoln Parish, Louisiana",yes
"Logan County, West Virginia",yes
"Lowndes County, Alabama",yes
"Lowndes County, Mississippi",yes
"Luna County, New Mexico",yes
"Macon County, Alabama",yes
"Macon County, Georgia",yes
"Madison County, Florida",yes
"Madison County, Idaho",yes
"Madison Parish, Louisiana",yes
"Magoffin County, Kentucky",yes
"Marengo County, Alabama",yes
"Marion County, Mississippi",yes
"Marion County, South Carolina",yes
"Marlboro County, South Carolina",yes
"Maverick County, Texas",yes
"McCreary County, Kentucky",yes
"McCurtain County, Oklahoma",yes
"McDowell County, West Virginia",yes
"McKinley County, New Mexico",yes
"Mellette County, South Dakota",yes
"Menifee County, Kentucky",yes
"Menominee County, Wisconsin",yes
"Mingo County, West Virginia",yes
"Mississippi County, Arkansas",yes
"Mississippi County, Missouri",yes
"Mitchell County, Georgia",yes
"Monongalia County, West Virginia",yes
"Monroe County, Alabama",yes
"Monroe County, Arkansas",yes
"Monroe County, Kentucky",yes
"Montgomery County, Mississippi",yes
"Montgomery County, Virginia",yes
"Morehouse Parish, Louisiana",yes
"Morgan County, Kentucky",yes
"Nacogdoches County, Texas",yes
"Natchitoches Parish, Louisiana",yes
"Navajo County, Arizona",yes
"Neshoba County, Mississippi",yes
"Nevada County, Arkansas",yes
"New Madrid County, Missouri",yes
"Northampton County, North Carolina",yes
"Norton City, Virginia",yes
"Noxubee County, Mississippi",yes
"Oglala Lakota, South Dakota",yes
"Okfuskee County, Oklahoma",yes
"Oktibbeha County, Mississippi",yes
"Orangeburg County, South Carolina",yes
"Oregon County, Missouri",yes
"Orleans Parish, Louisiana",yes
"Ouachita Parish, Louisiana",yes
"Owsley County, Kentucky",yes
"Panola County, Mississippi",yes
"Payne County, Oklahoma",yes
"Peach County, Georgia",yes
"Pemiscot County, Missouri",yes
"Perry County, Alabama",yes
"Perry County, Kentucky",yes
"Philadelphia County, Pennsylvania",yes
"Phillips County, Arkansas",yes
"Pickens County, Alabama",yes
"Pike County, Alabama",yes
"Pike County, Kentucky",yes
"Pike County, Mississippi",yes
"Pitt County, North Carolina",yes
"Poinsett County, Arkansas",yes
"Powell County, Kentucky",yes
"Presidio County, Texas",yes
"Pulaski County, Illinois",yes
"Pushmataha County, Oklahoma",yes
"Quay County, New Mexico",yes
"Quitman County, Georgia",yes
"Quitman County, Mississippi",yes
"Radford City, Virginia",yes
"Randolph County, Georgia",yes
"Real County, Texas",yes
"Red River Parish, Louisiana",yes
"Richland Parish, Louisiana",yes
"Richmond City, Virginia",yes
"Riley County, Kansas",yes
"Ripley County, Missouri",yes
"Roberts County, South Dakota",yes
"Robertson County, Kentucky",yes
"Robeson County, North Carolina",yes
"Rolette County, North Dakota",yes
"Roosevelt County, Montana",yes
"Roosevelt County, New Mexico",yes
"Rowan County, Kentucky",yes
"Russell County, Kentucky",yes
"San Augustine County, Texas",yes
"San Juan County, Utah",yes
"San Miguel County, New Mexico",yes
"Santa Cruz County, Arizona",yes
"Scott County, Mississippi",yes
"Scott County, Tennessee",yes
"Screven County, Georgia",yes
"Searcy County, Arkansas",yes
"Seminole County, Georgia",yes
"Seminole County, Oklahoma",yes
"Shannon County, Missouri",yes
"Sharkey County, Mississippi",yes
"Sioux County, North Dakota",yes
"Socorro County, New Mexico",yes
"St. Francis County, Arkansas",yes
"St. Landry Parish, Louisiana",yes
"St. Louis City, Missouri",yes
"Starr County, Texas",yes
"Stewart County, Georgia",yes
"Sumter County, Alabama",yes
"Sumter County, Georgia",yes
"Sunflower County, Mississippi",yes
"Taliaferro County, Georgia",yes
"Tallahatchie County, Mississippi",yes
"Tangipahoa Parish, Louisiana",yes
"Tattnall County, Georgia",yes
"Taylor County, Georgia",yes
"Telfair County, Georgia",yes
"Tensas Parish, Louisiana",yes
"Terrell County, Georgia",yes
"Texas County, Missouri",yes
"Thurston County, Nebraska",yes
"Todd County, South Dakota",yes
"Toombs County, Georgia",yes
"Treutlen County, Georgia",yes
"Tulare County, California",yes
"Tunica County, Mississippi",yes
"Turner County, Georgia",yes
"Tyrrell County, North Carolina",yes
"Val Verde County, Texas",yes
"Walthall County, Mississippi",yes
"Ware County, Georgia",yes
"Warren County, Georgia",yes
"Washington County, Georgia",yes
"Washington County, Mississippi",yes
"Washington County, Missouri",yes
"Washington County, North Carolina",yes
"Washington Parish, Louisiana",yes
"Wayne County, Kentucky",yes
"Wayne County, Mississippi",yes
"Wayne County, Missouri",yes
"Webb County, Texas",yes
"Webster County, West Virginia",yes
"Webster Parish, Louisiana",yes
"West Carroll Parish, Louisiana",yes
"Wheeler County, Georgia",yes
"Whitley County, Kentucky",yes
"Whitman County, Washington",yes
"Wilcox County, Alabama",yes
"Wilcox County, Georgia",yes
"Wilkinson County, Mississippi",yes
"Willacy County, Texas",yes
"Williamsburg County, South Carolina",yes
"Winston County, Mississippi",yes
"Wolfe County, Kentucky",yes
"Woodruff County, Arkansas",yes
"Wright County, Missouri",yes
"Yazoo County, Mississippi",yes
"Yukon-Koyukuk Census Area, Alaska",yes
"Zapata County, Texas",yes
"Zavala County, Texas",yes
"Ziebach County, South Dakota",yes
"Abbeville County, South Carolina",no
"Accomack County, Virginia",no
"Ada County, Idaho",no
"Adair County, Iowa",no
"Adair County, Kentucky",no
"Adams County, Colorado",no
"Adams County, Idaho",no
"Adams County, Illinois",no
"Adams County, Indiana",no
"Adams County, Iowa",no
"Adams County, Nebraska",no
"Adams County, North Dakota",no
"Adams County, Ohio",no
"Adams County, Pennsylvania",no
"Adams County, Washington",no
"Adams County, Wisconsin",no
"Addison County, Vermont",no
"Aiken County, South Carolina",no
"Aitkin County, Minnesota",no
"Alamance County, North Carolina",no
"Alameda County, California",no
"Albany County, New York",no
"Albany County, Wyoming",no
"Albemarle County, Virginia",no
"Alcona County, Michigan",no
"Alcorn County, Mississippi",no
"Aleutians East Borough, Alaska",no
"Aleutians West Census Area, Alaska",no
"Alexander County, North Carolina",no
"Alexandria City, Virginia",no
"Alfalfa County, Oklahoma",no
"Alger County, Michigan",no
"Allamakee County, Iowa",no
"Allegan County, Michigan",no
"Allegany County, Maryland",no
"Allegany County, New York",no
"Alleghany County and Clifton Forge City, Virginia",no
"Alleghany County, North Carolina",no
"Allegheny County, Pennsylvania",no
"Allen County, Indiana",no
"Allen County, Kansas",no
"Allen County, Kentucky",no
"Allen County, Ohio",no
"Allen Parish, Louisiana",no
"Alpena County, Michigan",no
"Alpine County, California",no
"Amador County, California",no
"Amelia County, Virginia",no
"Amherst County, Virginia",no
"Anchorage Borough, Alaska",no
"Anderson County, Kansas",no
"Anderson County, Kentucky",no
"Anderson County, South Carolina",no
"Anderson County, Tennessee",no
"Anderson County, Texas",no
"Andrew County, Missouri",no
"Andrews County, Texas",no
"Androscoggin County, Maine",no
"Angelina County, Texas",no
"Anne Arundel County, Maryland",no
"Anoka County, Minnesota",no
"Anson County, North Carolina",no
"Antelope County, Nebraska",no
"Antrim County, Michigan",no
"Appanoose County, Iowa",no
"Appling County, Georgia",no
"Appomattox County, Virginia",no
"Aransas County, Texas",no
"Arapahoe County, Colorado",no
"Archer County, Texas",no
"Archuleta County, Colorado",no
"Arenac County, Michigan",no
"Arkansas County, Arkansas",no
"Arlington County, Virginia",no
"Armstrong County, Pennsylvania",no
"Armstrong County, Texas",no
"Aroostook County, Maine",no
"Arthur County, Nebraska",no
"Ascension Parish, Louisiana",no
"Ashe County, North Carolina",no
"Ashland County, Ohio",no
"Ashland County, Wisconsin",no
"Ashley County, Arkansas",no
"Ashtabula County, Ohio",no
"Asotin County, Washington",no
"Assumption Parish, Louisiana",no
"Atascosa County, Texas",no
"Atchison County, Kansas",no
"Atchison County, Missouri",no
"Atlantic County, New Jersey",no
"Atoka County, Oklahoma",no
"Audrain County, Missouri",no
"Audubon County, Iowa",no
"Auglaize County, Ohio",no
"Augusta County, Virginia",no
"Aurora County, South Dakota",no
"Austin County, Texas",no
"Autauga County, Alabama",no
"Avery County, North Carolina",no
"Baca County, Colorado",no
"Bailey County, Texas",no
"Baker County, Florida",no
"Baker County, Oregon",no
"Baldwin County, Alabama",no
"Baldwin County, Georgia",no
"Ballard County, Kentucky",no
"Baltimore County, Maryland",no
"Bandera County, Texas",no
"Banks County, Georgia",no
"Banner County, Nebraska",no
"Bannock County, Idaho",no
"Baraga County, Michigan",no
"Barber County, Kansas",no
"Barbour County, West Virginia",no
"Barnes County, North Dakota",no
"Barnstable County, Massachusetts",no
"Barren County, Kentucky",no
"Barron County, Wisconsin",no
"Barrow County, Georgia",no
"Barry County, Michigan",no
"Barry County, Missouri",no
"Bartholomew County, Indiana",no
"Barton County, Kansas",no
"Barton County, Missouri",no
"Bartow County, Georgia",no
"Bastrop County, Texas",no
"Bates County, Missouri",no
"Bath County, Virginia",no
"Baxter County, Arkansas",no
"Bay County, Florida",no
"Bay County, Michigan",no
"Bayfield County, Wisconsin",no
"Baylor County, Texas",no
"Beadle County, South Dakota",no
"Bear Lake County, Idaho",no
"Beaufort County, North Carolina",no
"Beaufort County, South Carolina",no
"Beauregard Parish, Louisiana",no
"Beaver County, Oklahoma",no
"Beaver County, Pennsylvania",no
"Beaver County, Utah",no
"Beaverhead County, Montana",no
"Becker County, Minnesota",no
"Beckham County, Oklahoma",no
"Bedford City and County, Virginia",no
"Bedford County, Pennsylvania",no
"Bedford County, Tennessee",no
"Belknap County, New Hampshire",no
"Bell County, Texas",no
"Belmont County, Ohio",no
"Beltrami County, Minnesota",no
"Benewah County, Idaho",no
"Bennington County, Vermont",no
"Bent County, Colorado",no
"Benton County, Arkansas",no
"Benton County, Indiana",no
"Benton County, Iowa",no
"Benton County, Minnesota",no
"Benton County, Missouri",no
"Benton County, Oregon",no
"Benton County, Tennessee",no
"Benton County, Washington",no
"Benzie County, Michigan",no
"Bergen County, New Jersey",no
"Berkeley County, South Carolina",no
"Berkeley County, West Virginia",no
"Berks County, Pennsylvania",no
"Berkshire County, Massachusetts",no
"Bernalillo County, New Mexico",no
"Berrien County, Georgia",no
"Berrien County, Michigan",no
"Bethel Census Area, Alaska",no
"Bexar County, Texas",no
"Bibb County, Alabama",no
"Bibb County, Georgia",no
"Big Horn County, Wyoming",no
"Big Stone County, Minnesota",no
"Billings County, North Dakota",no
"Bingham County, Idaho",no
"Black Hawk County, Iowa",no
"Blackford County, Indiana",no
"Blaine County, Idaho",no
"Blaine County, Nebraska",no
"Blaine County, Oklahoma",no
"Blair County, Pennsylvania",no
"Blanco County, Texas",no
"Bland County, Virginia",no
"Bleckley County, Georgia",no
"Bledsoe County, Tennessee",no
"Blount County, Alabama",no
"Blount County, Tennessee",no
"Blue Earth County, Minnesota",no
"Boise County, Idaho",no
"Bollinger County, Missouri",no
"Bon Homme County, South Dakota",no
"Bond County, Illinois",no
"Bonner County, Idaho",no
"Bonneville County, Idaho",no
"Boone County, Arkansas",no
"Boone County, Illinois",no
"Boone County, Indiana",no
"Boone County, Iowa",no
"Boone County, Kentucky",no
"Boone County, Missouri",no
"Boone County, Nebraska",no
"Boone County, West Virginia",no
"Bosque County, Texas",no
"Bossier Parish, Louisiana",no
"Botetourt County, Virginia",no
"Bottineau County, North Dakota",no
"Boulder County, Colorado",no
"Boundary County, Idaho",no
"Bourbon County, Kansas",no
"Bourbon County, Kentucky",no
"Bowie County, Texas",no
"Bowman County, North Dakota",no
"Box Butte County, Nebraska",no
"Box Elder County, Utah",no
"Boyd County, Kentucky",no
"Boyd County, Nebraska",no
"Boyle County, Kentucky",no
"Bracken County, Kentucky",no
"Bradford County, Florida",no
"Bradford County, Pennsylvania",no
"Bradley County, Tennessee",no
"Branch County, Michigan",no
"Brantley County, Georgia",no
"Brazoria County, Texas",no
"Breckinridge County, Kentucky",no
"Bremer County, Iowa",no
"Brevard County, Florida",no
"Brewster County, Texas",no
"Briscoe County, Texas",no
"Bristol Bay Borough, Alaska",no
"Bristol City, Virginia",no
"Bristol County, Massachusetts",no
"Bristol County, Rhode Island",no
"Broadwater County, Montana",no
"Brooke County, West Virginia",no
"Brookings County, South Dakota",no
"Broome County, New York",no
"Broward County, Florida",no
"Brown County, Illinois",no
"Brown County, Indiana",no
"Brown County, Kansas",no
"Brown County, Minnesota",no
"Brown County, Nebraska",no
"Brown County, Ohio",no
"Brown County, South Dakota",no
"Brown County, Texas",no
"Brown County, Wisconsin",no
"Brule County, South Dakota",no
"Brunswick County, North Carolina",no
"Brunswick County, Virginia",no
"Bryan County, Georgia",no
"Bryan County, Oklahoma",no
"Buchanan County, Iowa",no
"Buchanan County, Missouri",no
"Buckingham County, Virginia",no
"Bucks County, Pennsylvania",no
"Buena Vista City, Virginia",no
"Buena Vista County, Iowa",no
"Buffalo County, Nebraska",no
"Buffalo County, Wisconsin",no
"Bullitt County, Kentucky",no
"Buncombe County, North Carolina",no
"Bureau County, Illinois",no
"Burke County, North Carolina",no
"Burke County, North Dakota",no
"Burleigh County, North Dakota",no
"Burleson County, Texas",no
"Burlington County, New Jersey",no
"Burnet County, Texas",no
"Burnett County, Wisconsin",no
"Burt County, Nebraska",no
"Butler County, Iowa",no
"Butler County, Kansas",no
"Butler County, Kentucky",no
"Butler County, Missouri",no
"Butler County, Nebraska",no
"Butler County, Ohio",no
"Butler County, Pennsylvania",no
"Butte County, California",no
"Butte County, Idaho",no
"Butte County, South Dakota",no
"Butts County, Georgia",no
"Cabarrus County, North Carolina",no
"Cabell County, West Virginia",no
"Cache County, Utah",no
"Caddo County, Oklahoma",no
"Calaveras County, California",no
"Calcasieu Parish, Louisiana",no
"Caldwell County, Kentucky",no
"Caldwell County, Missouri",no
"Caldwell County, North Carolina",no
"Caldwell County, Texas",no
"Caldwell Parish, Louisiana",no
"Caledonia County, Vermont",no
"Calhoun County, Alabama",no
"Calhoun County, Arkansas",no
"Calhoun County, Florida",no
"Calhoun County, Illinois",no
"Calhoun County, Iowa",no
"Calhoun County, Michigan",no
"Calhoun County, Mississippi",no
"Calhoun County, South Carolina",no
"Calhoun County, Texas",no
"Callahan County, Texas",no
"Callaway County, Missouri",no
"Calloway County, Kentucky",no
"Calumet County, Wisconsin",no
"Calvert County, Maryland",no
"Camas County, Idaho",no
"Cambria County, Pennsylvania",no
"Camden County, Georgia",no
"Camden County, Missouri",no
"Camden County, New Jersey",no
"Camden County, North Carolina",no
"Cameron County, Pennsylvania",no
"Cameron Parish, Louisiana",no
"Camp County, Texas",no
"Campbell County, Kentucky",no
"Campbell County, South Dakota",no
"Campbell County, Virginia",no
"Campbell County, Wyoming",no
"Canadian County, Oklahoma",no
"Candler County, Georgia",no
"Cannon County, Tennessee",no
"Canyon County, Idaho",no
"Cape Girardeau County, Missouri",no
"Cape May County, New Jersey",no
"Carbon County, Montana",no
"Carbon County, Pennsylvania",no
"Carbon County, Utah",no
"Carbon County, Wyoming",no
"Caribou County, Idaho",no
"Carlisle County, Kentucky",no
"Carlton County, Minnesota",no
"Caroline County, Maryland",no
"Caroline County, Virginia",no
"Carroll County, Arkansas",no
"Carroll County, Georgia",no
"Carroll County, Illinois",no
"Carroll County, Indiana",no
"Carroll County, Iowa",no
"Carroll County, Kentucky",no
"Carroll County, Maryland",no
"Carroll County, Mississippi",no
"Carroll County, Missouri",no
"Carroll County, New Hampshire",no
"Carroll County, Ohio",no
"Carroll County, Tennessee",no
"Carroll County, Virginia",no
"Carson City, Nevada",no
"Carson County, Texas",no
"Carter County, Kentucky",no
"Carter County, Missouri",no
"Carter County, Montana",no
"Carter County, Oklahoma",no
"Carter County, Tennessee",no
"Carteret County, North Carolina",no
"Carver County, Minnesota",no
"Cascade County, Montana",no
"Cass County, Illinois",no
"Cass County, Indiana",no
"Cass County, Iowa",no
"Cass County, Michigan",no
"Cass County, Minnesota",no
"Cass County, Missouri",no
"Cass County, Nebraska",no
"Cass County, North Dakota",no
"Cass County, Texas",no
"Cassia County, Idaho",no
"Castro County, Texas",no
"Caswell County, North Carolina",no
"Catawba County, North Carolina",no
"Catoosa County, Georgia",no
"Catron County, New Mexico",no
"Cattaraugus County, New York",no
"Cavalier County, North Dakota",no
"Cayuga County, New York",no
"Cecil County, Maryland",no
"Cedar County, Iowa",no
"Cedar County, Missouri",no
"Cedar County, Nebraska",no
"Centre County, Pennsylvania",no
"Cerro Gordo County, Iowa",no
"Chaffee County, Colorado",no
"Chambers County, Alabama",no
"Chambers County, Texas",no
"Champaign County, Illinois",no
"Champaign County, Ohio",no
"Chariton County, Missouri",no
"Charles City County, Virginia",no
"Charles County, Maryland",no
"Charles Mix County, South Dakota",no
"Charleston County, South Carolina",no
"Charlevoix County, Michigan",no
"Charlotte County, Florida",no
"Charlotte County, Virginia",no
"Charlton County, Georgia",no
"Chase County, Kansas",no
"Chase County, Nebraska",no
"Chatham County, Georgia",no
"Chatham County, North Carolina",no
"Chattahoochee County, Georgia",no
"Chattooga County, Georgia",no
"Chautauqua County, Kansas",no
"Chautauqua County, New York",no
"Chaves County, New Mexico",no
"Cheatham County, Tennessee",no
"Cheboygan County, Michigan",no
"Chelan County, Washington",no
"Chemung County, New York",no
"Chenango County, New York",no
"Cherokee County, Alabama",no
"Cherokee County, Georgia",no
"Cherokee County, Iowa",no
"Cherokee County, Kansas",no
"Cherokee County, North Carolina",no
"Cherokee County, South Carolina",no
"Cherokee County, Texas",no
"Cherry County, Nebraska",no
"Chesapeake City, Virginia",no
"Cheshire County, New Hampshire",no
"Chester County, Pennsylvania",no
"Chester County, South Carolina",no
"Chester County, Tennessee",no
"Chesterfield County, South Carolina",no
"Chesterfield County, Virginia",no
"Cheyenne County, Colorado",no
"Cheyenne County, Kansas",no
"Cheyenne County, Nebraska",no
"Chickasaw County, Iowa",no
"Childress County, Texas",no
"Chilton County, Alabama",no
"Chippewa County, Michigan",no
"Chippewa County, Minnesota",no
"Chippewa County, Wisconsin",no
"Chisago County, Minnesota",no
"Chittenden County, Vermont",no
"Choctaw County, Mississippi",no
"Chouteau County, Montana",no
"Chowan County, North Carolina",no
"Christian County, Illinois",no
"Christian County, Kentucky",no
"Christian County, Missouri",no
"Churchill County, Nevada",no
"Cimarron County, Oklahoma",no
"Citrus County, Florida",no
"Clackamas County, Oregon",no
"Clallam County, Washington",no
"Clare County, Michigan",no
"Clarion County, Pennsylvania",no
"Clark County, Arkansas",no
"Clark County, Illinois",no
"Clark County, Indiana",no
"Clark County, Kansas",no
"Clark County, Kentucky",no
"Clark County, Missouri",no
"Clark County, Nevada",no
"Clark County, Ohio",no
"Clark County, South Dakota",no
"Clark County, Washington",no
"Clark County, Wisconsin",no
"Clarke County, Iowa",no
"Clarke County, Mississippi",no
"Clarke County, Virginia",no
"Clatsop County, Oregon",no
"Clay County, Alabama",no
"Clay County, Arkansas",no
"Clay County, Florida",no
"Clay County, Illinois",no
"Clay County, Indiana",no
"Clay County, Iowa",no
"Clay County, Kansas",no
"Clay County, Minnesota",no
"Clay County, Missouri",no
"Clay County, Nebraska",no
"Clay County, North Carolina",no
"Clay County, Tennessee",no
"Clay County, Texas",no
"Clayton County, Georgia",no
"Clayton County, Iowa",no
"Clear Creek County, Colorado",no
"Clearfield County, Pennsylvania",no
"Clearwater County, Idaho",no
"Clearwater County, Minnesota",no
"Cleburne County, Alabama",no
"Cleburne County, Arkansas",no
"Clermont County, Ohio",no
"Cleveland County, Arkansas",no
"Cleveland County, North Carolina",no
"Cleveland County, Oklahoma",no
"Clinton County, Illinois",no
"Clinton County, Indiana",no
"Clinton County, Iowa",no
"Clinton County, Michigan",no
"Clinton County, Missouri",no
"Clinton County, New York",no
"Clinton County, Ohio",no
"Clinton County, Pennsylvania",no
"Cloud County, Kansas",no
"Cobb County, Georgia",no
"Cochise County, Arizona",no
"Cochran County, Texas",no
"Coconino County, Arizona",no
"Codington County, South Dakota",no
"Coffee County, Alabama",no
"Coffee County, Georgia",no
"Coffee County, Tennessee",no
"Coffey County, Kansas",no
"Coke County, Texas",no
"Colbert County, Alabama",no
"Cole County, Missouri",no
"Coleman County, Texas",no
"Coles County, Illinois",no
"Colfax County, Nebraska",no
"Colfax County, New Mexico",no
"Collier County, Florida",no
"Collin County, Texas",no
"Collingsworth County, Texas",no
"Colonial Heights City, Virginia",no
"Colorado County, Texas",no
"Colquitt County, Georgia",no
"Columbia County, Florida",no
"Columbia County, Georgia",no
"Columbia County, New York",no
"Columbia County, Oregon",no
"Columbia County, Pennsylvania",no
"Columbia County, Washington",no
"Columbia County, Wisconsin",no
"Columbiana County, Ohio",no
"Colusa County, California",no
"Comal County, Texas",no
"Comanche County, Kansas",no
"Comanche County, Oklahoma",no
"Comanche County, Texas",no
"Concho County, Texas",no
"Conecuh County, Alabama",no
"Conejos County, Colorado",no
"Contra Costa County, California",no
"Converse County, Wyoming",no
"Conway County, Arkansas",no
"Cook County, Illinois",no
"Cook County, Minnesota",no
"Cooke County, Texas",no
"Cooper County, Missouri",no
"Coos County, New Hampshire",no
"Coos County, Oregon",no
"Coosa County, Alabama",no
"Cortland County, New York",no
"Coryell County, Texas",no
"Coshocton County, Ohio",no
"Cottle County, Texas",no
"Cotton County, Oklahoma",no
"Cottonwood County, Minnesota",no
"Covington City, Virginia",no
"Covington County, Alabama",no
"Coweta County, Georgia",no
"Cowley County, Kansas",no
"Cowlitz County, Washington",no
"Craig County, Oklahoma",no
"Craig County, Virginia",no
"Craighead County, Arkansas",no
"Crane County, Texas",no
"Craven County, North Carolina",no
"Crawford County, Arkansas",no
"Crawford County, Georgia",no
"Crawford County, Illinois",no
"Crawford County, Indiana",no
"Crawford County, Iowa",no
"Crawford County, Kansas",no
"Crawford County, Michigan",no
"Crawford County, Missouri",no
"Crawford County, Ohio",no
"Crawford County, Pennsylvania",no
"Crawford County, Wisconsin",no
"Creek County, Oklahoma",no
"Crenshaw County, Alabama",no
"Crittenden County, Kentucky",no
"Crockett County, Tennessee",no
"Crockett County, Texas",no
"Crook County, Oregon",no
"Crook County, Wyoming",no
"Cross County, Arkansas",no
"Crow Wing County, Minnesota",no
"Crowley County, Colorado",no
"Cullman County, Alabama",no
"Culpeper County, Virginia",no
"Cumberland County, Illinois",no
"Cumberland County, Maine",no
"Cumberland County, New Jersey",no
"Cumberland County, North Carolina",no
"Cumberland County, Pennsylvania",no
"Cumberland County, Tennessee",no
"Cumberland County, Virginia",no
"Cuming County, Nebraska",no
"Currituck County, North Carolina",no
"Curry County, New Mexico",no
"Curry County, Oregon",no
"Custer County, Colorado",no
"Custer County, Idaho",no
"Custer County, Montana",no
"Custer County, Nebraska",no
"Custer County, Oklahoma",no
"Custer County, South Dakota",no
"Cuyahoga County, Ohio",no
"Dade County, Georgia",no
"Dade County, Missouri",no
"Daggett County, Utah",no
"Dakota County, Minnesota",no
"Dakota County, Nebraska",no
"Dale County, Alabama",no
"Dallam County, Texas",no
"Dallas County, Arkansas",no
"Dallas County, Iowa",no
"Dallas County, Missouri",no
"Dallas County, Texas",no
"Dane County, Wisconsin",no
"Daniels County, Montana",no
"Danville City, Virginia",no
"Dare County, North Carolina",no
"Darke County, Ohio",no
"Darlington County, South Carolina",no
"Dauphin County, Pennsylvania",no
"Davidson County, North Carolina",no
"Davidson County, Tennessee",no
"Davie County, North Carolina",no
"Daviess County, Indiana",no
"Daviess County, Kentucky",no
"Daviess County, Missouri",no
"Davis County, Iowa",no
"Davis County, Utah",no
"Davison County, South Dakota",no
"Dawes County, Nebraska",no
"Dawson County, Georgia",no
"Dawson County, Montana",no
"Dawson County, Nebraska",no
"Dawson County, Texas",no
"Day County, South Dakota",no
"De Soto Parish, Louisiana",no
"De Witt County, Illinois",no
"DeBaca County, New Mexico",no
"DeKalb County, Alabama",no
"DeKalb County, Georgia",no
"DeKalb County, Illinois",no
"DeKalb County, Indiana",no
"DeKalb County, Missouri",no
"DeKalb County, Tennessee",no
"DeSoto County, Florida",no
"DeSoto County, Mississippi",no
"DeWitt County, Texas",no
"Deaf Smith County, Texas",no
"Dearborn County, Indiana",no
"Decatur County, Indiana",no
"Decatur County, Iowa",no
"Decatur County, Kansas",no
"Decatur County, Tennessee",no
"Deer Lodge County, Montana",no
"Defiance County, Ohio",no
"Del Norte County, California",no
"Delaware County, Indiana",no
"Delaware County, Iowa",no
"Delaware County, New York",no
"Delaware County, Ohio",no
"Delaware County, Oklahoma",no
"Delaware County, Pennsylvania",no
"Delta County, Colorado",no
"Delta County, Michigan",no
"Delta County, Texas",no
"Dent County, Missouri",no
"Denton County, Texas",no
"Denver County, Colorado",no
"Des Moines County, Iowa",no
"Deschutes County, Oregon",no
"Deuel County, Nebraska",no
"Deuel County, South Dakota",no
"Dewey County, Oklahoma",no
"Dickens County, Texas",no
"Dickey County, North Dakota",no
"Dickinson County, Iowa",no
"Dickinson County, Kansas",no
"Dickinson County, Michigan",no
"Dickson County, Tennessee",no
"Dillingham Census Area, Alaska",no
"Dinwiddie County, Virginia",no
District of Columbia,no
"Divide County, North Dakota",no
"Dixie County, Florida",no
"Dixon County, Nebraska",no
"Doddridge County, West Virginia",no
"Dodge County, Georgia",no
"Dodge County, Minnesota",no
"Dodge County, Nebraska",no
"Dodge County, Wisconsin",no
"Doniphan County, Kansas",no
"Donley County, Texas",no
"Door County, Wisconsin",no
"Dorchester County, Maryland",no
"Dorchester County, South Carolina",no
"Douglas County, Colorado",no
"Douglas County, Georgia",no
"Douglas County, Illinois",no
"Douglas County, Kansas",no
"Douglas County, Minnesota",no
"Douglas County, Missouri",no
"Douglas County, Nebraska",no
"Douglas County, Nevada",no
"Douglas County, Oregon",no
"Douglas County, South Dakota",no
"Douglas County, Washington",no
"Douglas County, Wisconsin",no
"Drew County, Arkansas",no
"DuPage County, Illinois",no
"Dubois County, Indiana",no
"Dubuque County, Iowa",no
"Duchesne County, Utah",no
"Dukes County, Massachusetts",no
"Dundy County, Nebraska",no
"Dunn County, North Dakota",no
"Dunn County, Wisconsin",no
"Duplin County, North Carolina",no
"Durham County, North Carolina",no
"Dutchess County, New York",no
"Duval County, Florida",no
"Dyer County, Tennessee",no
"Eagle County, Colorado",no
"East Baton Rouge Parish, Louisiana",no
"East Feliciana Parish, Louisiana",no
"Eastland County, Texas",no
"Eaton County, Michigan",no
"Eau Claire County, Wisconsin",no
"Echols County, Georgia",no
"Ector County, Texas",no
"Eddy County, New Mexico",no
"Eddy County, North Dakota",no
"Edgar County, Illinois",no
"Edgecombe County, North Carolina",no
"Edgefield County, South Carolina",no
"Edmonson County, Kentucky",no
"Edmunds County, South Dakota",no
"Edwards County, Illinois",no
"Edwards County, Kansas",no
"Edwards County, Texas",no
"Effingham County, Georgia",no
"Effingham County, Illinois",no
"El Dorado County, California",no
"El Paso County, Colorado",no
"Elbert County, Colorado",no
"Elbert County, Georgia",no
"Elk County, Kansas",no
"Elk County, Pennsylvania",no
"Elkhart County, Indiana",no
"Elko County, Nevada",no
"Ellis County, Kansas",no
"Ellis County, Oklahoma",no
"Ellis County, Texas",no
"Ellsworth County, Kansas",no
"Elmore County, Alabama",no
"Elmore County, Idaho",no
"Emery County, Utah",no
"Emmet County, Iowa",no
"Emmet County, Michigan",no
"Emmons County, North Dakota",no
"Emporia City, Virginia",no
"Erath County, Texas",no
"Erie County, New York",no
"Erie County, Ohio",no
"Erie County, Pennsylvania",no
"Escambia County, Florida",no
"Esmeralda County, Nevada",no
"Essex County, Massachusetts",no
"Essex County, New Jersey",no
"Essex County, New York",no
"Essex County, Vermont",no
"Essex County, Virginia",no
"Etowah County, Alabama",no
"Fairbanks North Star, Alaska",no
"Fairfax City, Virginia",no
"Fairfax County, Virginia",no
"Fairfield County, Connecticut",no
"Fairfield County, Ohio",no
"Fairfield County, South Carolina",no
"Fall River County, South Dakota",no
"Fallon County, Montana",no
"Falls Church City, Virginia",no
"Fannin County, Georgia",no
"Fannin County, Texas",no
"Faribault County, Minnesota",no
"Faulk County, South Dakota",no
"Faulkner County, Arkansas",no
"Fauquier County, Virginia",no
"Fayette County, Alabama",no
"Fayette County, Georgia",no
"Fayette County, Illinois",no
"Fayette County, Indiana",no
"Fayette County, Iowa",no
"Fayette County, Kentucky",no
"Fayette County, Ohio",no
"Fayette County, Pennsylvania",no
"Fayette County, Tennessee",no
"Fayette County, Texas",no
"Fergus County, Montana",no
"Ferry County, Washington",no
"Fillmore County, Minnesota",no
"Fillmore County, Nebraska",no
"Finney County, Kansas",no
"Fisher County, Texas",no
"Flagler County, Florida",no
"Flathead County, Montana",no
"Fleming County, Kentucky",no
"Florence County, South Carolina",no
"Florence County, Wisconsin",no
"Floyd County, Georgia",no
"Floyd County, Indiana",no
"Floyd County, Iowa",no
"Floyd County, Texas",no
"Floyd County, Virginia",no
"Fluvanna County, Virginia",no
"Foard County, Texas",no
"Fond du Lac County, Wisconsin",no
"Ford County, Illinois",no
"Ford County, Kansas",no
"Forest County, Pennsylvania",no
"Forest County, Wisconsin",no
"Forsyth County, Georgia",no
"Forsyth County, North Carolina",no
"Fort Bend County, Texas",no
"Foster County, North Dakota",no
"Fountain County, Indiana",no
"Franklin City, Virginia",no
"Franklin County, Alabama",no
"Franklin County, Arkansas",no
"Franklin County, Florida",no
"Franklin County, Georgia",no
"Franklin County, Idaho",no
"Franklin County, Illinois",no
"Franklin County, Indiana",no
"Franklin County, Iowa",no
"Franklin County, Kansas",no
"Franklin County, Kentucky",no
"Franklin County, Maine",no
"Franklin County, Massachusetts",no
"Franklin County, Mississippi",no
"Franklin County, Missouri",no
"Franklin County, Nebraska",no
"Franklin County, New York",no
"Franklin County, North Carolina",no
"Franklin County, Ohio",no
"Franklin County, Pennsylvania",no
"Franklin County, Tennessee",no
"Franklin County, Texas",no
"Franklin County, Vermont",no
"Franklin County, Virginia",no
"Franklin County, Washington",no
"Frederick County, Maryland",no
"Frederick County, Virginia",no
"Fredericksburg City, Virginia",no
"Freeborn County, Minnesota",no
"Freestone County, Texas",no
"Fremont County, Colorado",no
"Fremont County, Idaho",no
"Fremont County, Iowa",no
"Fremont County, Wyoming",no
"Frontier County, Nebraska",no
"Fulton County, Arkansas",no
"Fulton County, Georgia",no
"Fulton County, Illinois",no
"Fulton County, Indiana",no
"Fulton County, New York",no
"Fulton County, Ohio",no
"Fulton County, Pennsylvania",no
"Furnas County, Nebraska",no
"Gadsden County, Florida",no
"Gage County, Nebraska",no
"Gaines County, Texas",no
"Galax City, Virginia",no
"Gallatin County, Illinois",no
"Gallatin County, Kentucky",no
"Gallatin County, Montana",no
"Gallia County, Ohio",no
"Galveston County, Texas",no
"Garden County, Nebraska",no
"Garfield County, Colorado",no
"Garfield County, Montana",no
"Garfield County, Nebraska",no
"Garfield County, Oklahoma",no
"Garfield County, Utah",no
"Garfield County, Washington",no
"Garland County, Arkansas",no
"Garrard County, Kentucky",no
"Garrett County, Maryland",no
"Garvin County, Oklahoma",no
"Garza County, Texas",no
"Gasconade County, Missouri",no
"Gaston County, North Carolina",no
"Gates County, North Carolina",no
"Geary County, Kansas",no
"Geauga County, Ohio",no
"Gem County, Idaho",no
"Genesee County, Michigan",no
"Genesee County, New York",no
"Geneva County, Alabama",no
"Gentry County, Missouri",no
"George County, Mississippi",no
"Georgetown County, South Carolina",no
"Gibson County, Indiana",no
"Gibson County, Tennessee",no
"Gila County, Arizona",no
"Gilchrist County, Florida",no
"Giles County, Tennessee",no
"Giles County, Virginia",no
"Gillespie County, Texas",no
"Gilliam County, Oregon",no
"Gilmer County, Georgia",no
"Gilmer County, West Virginia",no
"Gilpin County, Colorado",no
"Glades County, Florida",no
"Gladwin County, Michigan",no
"Glascock County, Georgia",no
"Glenn County, California",no
"Gloucester County, New Jersey",no
"Gloucester County, Virginia",no
"Glynn County, Georgia",no
"Gogebic County, Michigan",no
"Golden Valley County, Montana",no
"Golden Valley County, North Dakota",no
"Goliad County, Texas",no
"Gonzales County, Texas",no
"Goochland County, Virginia",no
"Goodhue County, Minnesota",no
"Gooding County, Idaho",no
"Gordon County, Georgia",no
"Goshen County, Wyoming",no
"Gosper County, Nebraska",no
"Gove County, Kansas",no
"Grady County, Oklahoma",no
"Grafton County, New Hampshire",no
"Graham County, Kansas",no
"Graham County, North Carolina",no
"Grainger County, Tennessee",no
"Grand County, Colorado",no
"Grand County, Utah",no
"Grand Forks County, North Dakota",no
"Grand Isle County, Vermont",no
"Grand Traverse County, Michigan",no
"Granite County, Montana",no
"Grant County, Arkansas",no
"Grant County, Indiana",no
"Grant County, Kansas",no
"Grant County, Kentucky",no
"Grant County, Minnesota",no
"Grant County, Nebraska",no
"Grant County, New Mexico",no
"Grant County, North Dakota",no
"Grant County, Oklahoma",no
"Grant County, Oregon",no
"Grant County, South Dakota",no
"Grant County, Washington",no
"Grant County, West Virginia",no
"Grant County, Wisconsin",no
"Grant Parish, Louisiana",no
"Granville County, North Carolina",no
"Gratiot County, Michigan",no
"Graves County, Kentucky",no
"Gray County, Kansas",no
"Gray County, Texas",no
"Grays Harbor County, Washington",no
"Grayson County, Kentucky",no
"Grayson County, Texas",no
"Grayson County, Virginia",no
"Greeley County, Kansas",no
"Greeley County, Nebraska",no
"Green County, Kentucky",no
"Green County, Wisconsin",no
"Green Lake County, Wisconsin",no
"Greenbrier County, West Virginia",no
"Greene County, Arkansas",no
"Greene County, Georgia",no
"Greene County, Illinois",no
"Greene County, Indiana",no
"Greene County, Iowa",no
"Greene County, Mississippi",no
"Greene County, Missouri",no
"Greene County, New York",no
"Greene County, North Carolina",no
"Greene County, Ohio",no
"Greene County, Pennsylvania",no
"Greene County, Tennessee",no
"Greene County, Virginia",no
"Greenlee County, Arizona",no
"Greensville County, Virginia",no
"Greenup County, Kentucky",no
"Greenville County, South Carolina",no
"Greenwood County, Kansas",no
"Greenwood County, South Carolina",no
"Greer County, Oklahoma",no
"Gregg County, Texas",no
"Gregory County, South Dakota",no
"Griggs County, North Dakota",no
"Grimes County, Texas",no
"Grundy County, Illinois",no
"Grundy County, Iowa",no
"Grundy County, Missouri",no
"Guadalupe County, New Mexico",no
"Guadalupe County, Texas",no
"Guernsey County, Ohio",no
"Guilford County, North Carolina",no
"Gulf County, Florida",no
"Gunnison County, Colorado",no
"Guthrie County, Iowa",no
"Gwinnett County, Georgia",no
"Haakon County, South Dakota",no
"Habersham County, Georgia",no
"Haines Borough, Alaska",no
"Hale County, Texas",no
"Halifax County with South Boston City, Virginia",no
"Hall County, Georgia",no
"Hall County, Nebraska",no
"Hamblen County, Tennessee",no
"Hamilton County, Illinois",no
"Hamilton County, Indiana",no
"Hamilton County, Iowa",no
"Hamilton County, Kansas",no
"Hamilton County, Nebraska",no
"Hamilton County, New York",no
"Hamilton County, Ohio",no
"Hamilton County, Tennessee",no
"Hamilton County, Texas",no
"Hamlin County, South Dakota",no
"Hampden County, Massachusetts",no
"Hampshire County, Massachusetts",no
"Hampshire County, West Virginia",no
"Hampton City, Virginia",no
"Hancock County, Illinois",no
"Hancock County, Indiana",no
"Hancock County, Iowa",no
"Hancock County, Kentucky",no
"Hancock County, Maine",no
"Hancock County, Mississippi",no
"Hancock County, Ohio",no
"Hancock County, West Virginia",no
"Hand County, South Dakota",no
"Hanover County, Virginia",no
"Hansford County, Texas",no
"Hanson County, South Dakota",no
"Haralson County, Georgia",no
"Hardeman County, Tennessee",no
"Hardeman County, Texas",no
"Hardin County, Illinois",no
"Hardin County, Iowa",no
"Hardin County, Kentucky",no
"Hardin County, Ohio",no
"Hardin County, Tennessee",no
"Hardin County, Texas",no
"Harding County, New Mexico",no
"Harding County, South Dakota",no
"Hardy County, West Virginia",no
"Harford County, Maryland",no
"Harlan County, Nebraska",no
"Harmon County, Oklahoma",no
"Harnett County, North Carolina",no
"Harney County, Oregon",no
"Harper County, Kansas",no
"Harper County, Oklahoma",no
"Harris County, Georgia",no
"Harris County, Texas",no
"Harrison County, Indiana",no
"Harrison County, Iowa",no
"Harrison County, Kentucky",no
"Harrison County, Mississippi",no
"Harrison County, Missouri",no
"Harrison County, Ohio",no
"Harrison County, Texas",no
"Harrison County, West Virginia",no
"Hart County, Georgia",no
"Hartford County, Connecticut",no
"Hartley County, Texas",no
"Harvey County, Kansas",no
"Haskell County, Kansas",no
"Haskell County, Oklahoma",no
"Haskell County, Texas",no
"Hawaii County, Hawaii",no
"Hawkins County, Tennessee",no
"Hayes County, Nebraska",no
"Hays County, Texas",no
"Haywood County, North Carolina",no
"Haywood County, Tennessee",no
"Heard County, Georgia",no
"Hemphill County, Texas",no
"Henderson County, Illinois",no
"Henderson County, Kentucky",no
"Henderson County, North Carolina",no
"Henderson County, Tennessee",no
"Henderson County, Texas",no
"Hendricks County, Indiana",no
"Hendry County, Florida",no
"Hennepin County, Minnesota",no
"Henrico County, Virginia",no
"Henry County, Alabama",no
"Henry County, Georgia",no
"Henry County, Illinois",no
"Henry County, Indiana",no
"Henry County, Iowa",no
"Henry County, Kentucky",no
"Henry County, Missouri",no
"Henry County, Ohio",no
"Henry County, Tennessee",no
"Henry County, Virginia",no
"Herkimer County, New York",no
"Hernando County, Florida",no
"Hertford County, North Carolina",no
"Hettinger County, North Dakota",no
"Hickman County, Kentucky",no
"Hickman County, Tennessee",no
"Hickory County, Missouri",no
"Highland County, Ohio",no
"Highland County, Virginia",no
"Highlands County, Florida",no
"Hill County, Montana",no
"Hill County, Texas",no
"Hillsborough County, Florida",no
"Hillsborough County, New Hampshire",no
"Hillsdale County, Michigan",no
"Hinds County, Mississippi",no
"Hinsdale County, Colorado",no
"Hitchcock County, Nebraska",no
"Hocking County, Ohio",no
"Hockley County, Texas",no
"Hodgeman County, Kansas",no
"Hoke County, North Carolina",no
"Holmes County, Florida",no
"Holmes County, Ohio",no
"Holt County, Missouri",no
"Holt County, Nebraska",no
"Honolulu County, Hawaii",no
"Hood County, Texas",no
"Hood River County, Oregon",no
"Hooker County, Nebraska",no
"Hopewell City, Virginia",no
"Hopkins County, Kentucky",no
"Hopkins County, Texas",no
"Horry County, South Carolina",no
"Hot Spring County, Arkansas",no
"Hot Springs County, Wyoming",no
"Houghton County, Michigan",no
"Houston County, Alabama",no
"Houston County, Georgia",no
"Houston County, Minnesota",no
"Houston County, Tennessee",no
"Howard County, Arkansas",no
"Howard County, Indiana",no
"Howard County, Iowa",no
"Howard County, Maryland",no
"Howard County, Missouri",no
"Howard County, Nebraska",no
"Howard County, Texas",no
"Howell County, Missouri",no
"Hubbard County, Minnesota",no
"Hudson County, New Jersey",no
"Huerfano County, Colorado",no
"Hughes County, South Dakota",no
"Humboldt County, California",no
"Humboldt County, Iowa",no
"Humboldt County, Nevada",no
"Humphreys County, Tennessee",no
"Hunt County, Texas",no
"Hunterdon County, New Jersey",no
"Huntingdon County, Pennsylvania",no
"Huntington County, Indiana",no
"Huron County, Michigan",no
"Huron County, Ohio",no
"Hutchinson County, South Dakota",no
"Hutchinson County, Texas",no
"Hyde County, North Carolina",no
"Hyde County, South Dakota",no
"Iberville Parish, Louisiana",no
"Ida County, Iowa",no
"Idaho County, Idaho",no
"Independence County, Arkansas",no
"Indian River County, Florida",no
"Indiana County, Pennsylvania",no
"Ingham County, Michigan",no
"Inyo County, California",no
"Ionia County, Michigan",no
"Iosco County, Michigan",no
"Iowa County, Iowa",no
"Iowa County, Wisconsin",no
"Iredell County, North Carolina",no
"Irion County, Texas",no
"Iron County, Michigan",no
"Iron County, Missouri",no
"Iron County, Utah",no
"Iron County, Wisconsin",no
"Iroquois County, Illinois",no
"Irwin County, Georgia",no
"Isanti County, Minnesota",no
"Island County, Washington",no
"Isle of Wight County, Virginia",no
"Itasca County, Minnesota",no
"Itawamba County, Mississippi",no
"Izard County, Arkansas",no
"Jack County, Texas",no
"Jackson County, Alabama",no
"Jackson County, Arkansas",no
"Jackson County, Colorado",no
"Jackson County, Florida",no
"Jackson County, Georgia",no
"Jackson County, Indiana",no
"Jackson County, Iowa",no
"Jackson County, Kansas",no
"Jackson County, Michigan",no
"Jackson County, Minnesota",no
"Jackson County, Mississippi",no
"Jackson County, Missouri",no
"Jackson County, North Carolina",no
"Jackson County, Ohio",no
"Jackson County, Oklahoma",no
"Jackson County, Oregon",no
"Jackson County, Tennessee",no
"Jackson County, Texas",no
"Jackson County, West Virginia",no
"Jackson County, Wisconsin",no
"Jackson Parish, Louisiana",no
"James City County, Virginia",no
"Jasper County, Georgia",no
"Jasper County, Illinois",no
"Jasper County, Indiana",no
"Jasper County, Iowa",no
"Jasper County, Missouri",no
"Jasper County, South Carolina",no
"Jasper County, Texas",no
"Jay County, Indiana",no
"Jeff Davis County, Georgia",no
"Jeff Davis County, Texas",no
"Jefferson County, Alabama",no
"Jefferson County, Colorado",no
"Jefferson County, Florida",no
"Jefferson County, Idaho",no
"Jefferson County, Illinois",no
"Jefferson County, Indiana",no
"Jefferson County, Iowa",no
"Jefferson County, Kansas",no
"Jefferson County, Kentucky",no
"Jefferson County, Missouri",no
"Jefferson County, Montana",no
"Jefferson County, Nebraska",no
"Jefferson County, New York",no
"Jefferson County, Ohio",no
"Jefferson County, Oklahoma",no
"Jefferson County, Oregon",no
"Jefferson County, Pennsylvania",no
"Jefferson County, Tennessee",no
"Jefferson County, Texas",no
"Jefferson County, Washington",no
"Jefferson County, West Virginia",no
"Jefferson County, Wisconsin",no
"Jefferson Davis Parish, Louisiana",no
"Jefferson Parish, Louisiana",no
"Jennings County, Indiana",no
"Jerauld County, South Dakota",no
"Jerome County, Idaho",no
"Jersey County, Illinois",no
"Jessamine County, Kentucky",no
"Jewell County, Kansas",no
"Jim Hogg County, Texas",no
"Jo Daviess County, Illinois",no
"Johnson County, Arkansas",no
"Johnson County, Illinois",no
"Johnson County, Indiana",no
"Johnson County, Iowa",no
"Johnson County, Kansas",no
"Johnson County, Missouri",no
"Johnson County, Nebraska",no
"Johnson County, Texas",no
"Johnson County, Wyoming",no
"Johnston County, North Carolina",no
"Jones County, Georgia",no
"Jones County, Iowa",no
"Jones County, Mississippi",no
"Jones County, North Carolina",no
"Jones County, South Dakota",no
"Jones County, Texas",no
"Josephine County, Oregon",no
"Juab County, Utah",no
"Judith Basin County, Montana",no
"Juneau Borough, Alaska",no
"Juneau County, Wisconsin",no
"Juniata County, Pennsylvania",no
"Kalamazoo County, Michigan",no
"Kalawao County, Hawaii",no
"Kalkaska County, Michigan",no
"Kanabec County, Minnesota",no
"Kanawha County, West Virginia",no
"Kandiyohi County, Minnesota",no
"Kane County, Illinois",no
"Kane County, Utah",no
"Kankakee County, Illinois",no
"Karnes County, Texas",no
"Kauai County, Hawaii",no
"Kaufman County, Texas",no
"Kay County, Oklahoma",no
"Kearney County, Nebraska",no
"Kearny County, Kansas",no
"Keith County, Nebraska",no
"Kenai Peninsula Borough, Alaska",no
"Kendall County, Illinois",no
"Kendall County, Texas",no
"Kennebec County, Maine",no
"Kenosha County, Wisconsin",no
"Kent County, Delaware",no
"Kent County, Maryland",no
"Kent County, Michigan",no
"Kent County, Rhode Island",no
"Kent County, Texas",no
"Kenton County, Kentucky",no
"Keokuk County, Iowa",no
"Kern County, California",no
"Kerr County, Texas",no
"Kershaw County, South Carolina",no
"Ketchikan Gateway Borough, Alaska",no
"Kewaunee County, Wisconsin",no
"Keweenaw County, Michigan",no
"Keya Paha County, Nebraska",no
"Kidder County, North Dakota",no
"Kimball County, Nebraska",no
"Kimble County, Texas",no
"King County, Washington",no
"King George County, Virginia",no
"King William County, Virginia",no
"King and Queen County, Virginia",no
"Kingfisher County, Oklahoma",no
"Kingman County, Kansas",no
"Kings County, California",no
"Kings County, New York",no
"Kingsbury County, South Dakota",no
"Kinney County, Texas",no
"Kiowa County, Colorado",no
"Kiowa County, Kansas",no
"Kiowa County, Oklahoma",no
"Kit Carson County, Colorado",no
"Kitsap County, Washington",no
"Kittitas County, Washington",no
"Kittson County, Minnesota",no
"Klamath County, Oregon",no
"Klickitat County, Washington",no
"Knox County, Illinois",no
"Knox County, Indiana",no
"Knox County, Maine",no
"Knox County, Missouri",no
"Knox County, Nebraska",no
"Knox County, Ohio",no
"Knox County, Tennessee",no
"Knox County, Texas",no
"Kodiak Island Borough, Alaska",no
"Koochiching County, Minnesota",no
"Kootenai County, Idaho",no
"Kosciusko County, Indiana",no
"Kossuth County, Iowa",no
"La Crosse County, Wisconsin",no
"La Paz County, Arizona",no
"La Plata County, Colorado",no
"La Salle County, Illinois",no
"La Salle County, Texas",no
"La Salle Parish, Louisiana",no
"LaFourche Parish, Louisiana",no
"LaGrange County, Indiana",no
"LaMoure County, North Dakota",no
"LaPorte County, Indiana",no
"Labette County, Kansas",no
"Lac qui Parle County, Minnesota",no
"Lackawanna County, Pennsylvania",no
"Laclede County, Missouri",no
"Lafayette County, Florida",no
"Lafayette County, Missouri",no
"Lafayette County, Wisconsin",no
"Lafayette Parish, Louisiana",no
"Lake County, California",no
"Lake County, Colorado",no
"Lake County, Florida",no
"Lake County, Illinois",no
"Lake County, Indiana",no
"Lake County, Michigan",no
"Lake County, Minnesota",no
"Lake County, Montana",no
"Lake County, Ohio",no
"Lake County, Oregon",no
"Lake County, South Dakota",no
"Lake and Peninsula Borough, Alaska",no
"Lake of the Woods County, Minnesota",no
"Lamar County, Alabama",no
"Lamar County, Georgia",no
"Lamar County, Mississippi",no
"Lamar County, Texas",no
"Lamb County, Texas",no
"Lamoille County, Vermont",no
"Lampasas County, Texas",no
"Lancaster County, Nebraska",no
"Lancaster County, Pennsylvania",no
"Lancaster County, South Carolina",no
"Lancaster County, Virginia",no
"Lander County, Nevada",no
"Lane County, Kansas",no
"Lane County, Oregon",no
"Langlade County, Wisconsin",no
"Lanier County, Georgia",no
"Lapeer County, Michigan",no
"Laramie County, Wyoming",no
"Larimer County, Colorado",no
"Larue County, Kentucky",no
"Las Animas County, Colorado",no
"Lassen County, California",no
"Latah County, Idaho",no
"Latimer County, Oklahoma",no
"Lauderdale County, Alabama",no
"Lauderdale County, Tennessee",no
"Laurens County, Georgia",no
"Laurens County, South Carolina",no
"Lavaca County, Texas",no
"Lawrence County, Alabama",no
"Lawrence County, Arkansas",no
"Lawrence County, Illinois",no
"Lawrence County, Indiana",no
"Lawrence County, Mississippi",no
"Lawrence County, Missouri",no
"Lawrence County, Ohio",no
"Lawrence County, Pennsylvania",no
"Lawrence County, South Dakota",no
"Lawrence County, Tennessee",no
"Le Flore County, Oklahoma",no
"Le Sueur County, Minnesota",no
"Lea County, New Mexico",no
"Leavenworth County, Kansas",no
"Lebanon County, Pennsylvania",no
"Lee County, Alabama",no
"Lee County, Florida",no
"Lee County, Georgia",no
"Lee County, Illinois",no
"Lee County, Iowa",no
"Lee County, Mississippi",no
"Lee County, North Carolina",no
"Lee County, Texas",no
"Leelanau County, Michigan",no
"Lehigh County, Pennsylvania",no
"Lemhi County, Idaho",no
"Lenawee County, Michigan",no
"Lenoir County, North Carolina",no
"Leon County, Florida",no
"Leon County, Texas",no
"Levy County, Florida",no
"Lewis County, Idaho",no
"Lewis County, Missouri",no
"Lewis County, New York",no
"Lewis County, Tennessee",no
"Lewis County, Washington",no
"Lewis County, West Virginia",no
"Lewis and Clark County, Montana",no
"Lexington City, Virginia",no
"Lexington County, South Carolina",no
"Liberty County, Florida",no
"Liberty County, Georgia",no
"Liberty County, Montana",no
"Liberty County, Texas",no
"Licking County, Ohio",no
"Limestone County, Alabama",no
"Limestone County, Texas",no
"Lincoln County, Arkansas",no
"Lincoln County, Colorado",no
"Lincoln County, Georgia",no
"Lincoln County, Idaho",no
"Lincoln County, Kansas",no
"Lincoln County, Maine",no
"Lincoln County, Minnesota",no
"Lincoln County, Mississippi",no
"Lincoln County, Missouri",no
"Lincoln County, Montana",no
"Lincoln County, Nebraska",no
"Lincoln County, Nevada",no
"Lincoln County, New Mexico",no
"Lincoln County, North Carolina",no
"Lincoln County, Oklahoma",no
"Lincoln County, Oregon",no
"Lincoln County, South Dakota",no
"Lincoln County, Tennessee",no
"Lincoln County, Washington",no
"Lincoln County, Wisconsin",no
"Lincoln County, Wyoming",no
"Linn County, Iowa",no
"Linn County, Kansas",no
"Linn County, Missouri",no
"Linn County, Oregon",no
"Lipscomb County, Texas",no
"Litchfield County, Connecticut",no
"Little River County, Arkansas",no
"Live Oak County, Texas",no
"Livingston County, Illinois",no
"Livingston County, Kentucky",no
"Livingston County, Michigan",no
"Livingston County, Missouri",no
"Livingston County, New York",no
"Livingston Parish, Louisiana",no
"Llano County, Texas",no
"Logan County, Arkansas",no
"Logan County, Colorado",no
"Logan County, Illinois",no
"Logan County, Kansas",no
"Logan County, Kentucky",no
"Logan County, Nebraska",no
"Logan County, North Dakota",no
"Logan County, Ohio",no
"Logan County, Oklahoma",no
"Long County, Georgia",no
"Lonoke County, Arkansas",no
"Lorain County, Ohio",no
"Los Alamos County, New Mexico",no
"Los Angeles County, California",no
"Loudon County, Tennessee",no
"Loudoun County, Virginia",no
"Louisa County, Iowa",no
"Louisa County, Virginia",no
"Loup County, Nebraska",no
"Love County, Oklahoma",no
"Lowndes County, Georgia",no
"Lubbock County, Texas",no
"Lucas County, Iowa",no
"Lucas County, Ohio",no
"Luce County, Michigan",no
"Lumpkin County, Georgia",no
"Lunenburg County, Virginia",no
"Luzerne County, Pennsylvania",no
"Lycoming County, Pennsylvania",no
"Lyman County, South Dakota",no
"Lynchburg City, Virginia",no
"Lynn County, Texas",no
"Lyon County, Iowa",no
"Lyon County, Kansas",no
"Lyon County, Kentucky",no
"Lyon County, Minnesota",no
"Lyon County, Nevada",no
"Mackinac County, Michigan",no
"Macomb County, Michigan",no
"Macon County, Illinois",no
"Macon County, Missouri",no
"Macon County, North Carolina",no
"Macon County, Tennessee",no
"Macoupin County, Illinois",no
"Madera County, California",no
"Madison County, Alabama",no
"Madison County, Arkansas",no
"Madison County, Georgia",no
"Madison County, Illinois",no
"Madison County, Indiana",no
"Madison County, Iowa",no
"Madison County, Kentucky",no
"Madison County, Mississippi",no
"Madison County, Missouri",no
"Madison County, Montana",no
"Madison County, Nebraska",no
"Madison County, New York",no
"Madison County, North Carolina",no
"Madison County, Ohio",no
"Madison County, Tennessee",no
"Madison County, Texas",no
"Madison County, Virginia",no
"Mahaska County, Iowa",no
"Mahnomen County, Minnesota",no
"Mahoning County, Ohio",no
"Major County, Oklahoma",no
"Malheur County, Oregon",no
"Manassas City, Virginia",no
"Manassas Park City, Virginia",no
"Manatee County, Florida",no
"Manistee County, Michigan",no
"Manitowoc County, Wisconsin",no
"Marathon County, Wisconsin",no
"Maricopa County, Arizona",no
"Maries County, Missouri",no
"Marin County, California",no
"Marinette County, Wisconsin",no
"Marion County, Alabama",no
"Marion County, Arkansas",no
"Marion County, Florida",no
"Marion County, Georgia",no
"Marion County, Illinois",no
"Marion County, Indiana",no
"Marion County, Iowa",no
"Marion County, Kansas",no
"Marion County, Kentucky",no
"Marion County, Missouri",no
"Marion County, Ohio",no
"Marion County, Oregon",no
"Marion County, Tennessee",no
"Marion County, Texas",no
"Marion County, West Virginia",no
"Mariposa County, California",no
"Marquette County, Michigan",no
"Marquette County, Wisconsin",no
"Marshall County, Alabama",no
"Marshall County, Illinois",no
"Marshall County, Indiana",no
"Marshall County, Iowa",no
"Marshall County, Kansas",no
"Marshall County, Kentucky",no
"Marshall County, Minnesota",no
"Marshall County, Mississippi",no
"Marshall County, Oklahoma",no
"Marshall County, South Dakota",no
"Marshall County, Tennessee",no
"Marshall County, West Virginia",no
"Martin County, Florida",no
"Martin County, Indiana",no
"Martin County, Kentucky",no
"Martin County, Minnesota",no
"Martin County, North Carolina",no
"Martin County, Texas",no
"Martinsville City, Virginia",no
"Mason County, Illinois",no
"Mason County, Kentucky",no
"Mason County, Michigan",no
"Mason County, Texas",no
"Mason County, Washington",no
"Mason County, West Virginia",no
"Massac County, Illinois",no
"Matagorda County, Texas",no
"Matanuska-Susitna Borough, Alaska",no
"Mathews County, Virginia",no
"Maui County, Hawaii",no
"Maury County, Tennessee",no
"Mayes County, Oklahoma",no
"McClain County, Oklahoma",no
"McCone County, Montana",no
"McCook County, South Dakota",no
"McCormick County, South Carolina",no
"McCracken County, Kentucky",no
"McCulloch County, Texas",no
"McDonald County, Missouri",no
"McDonough County, Illinois",no
"McDowell County, North Carolina",no
"McDuffie County, Georgia",no
"McHenry County, Illinois",no
"McHenry County, North Dakota",no
"McIntosh County, Georgia",no
"McIntosh County, North Dakota",no
"McIntosh County, Oklahoma",no
"McKean County, Pennsylvania",no
"McKenzie County, North Dakota",no
"McLean County, Illinois",no
"McLean County, Kentucky",no
"McLean County, North Dakota",no
"McLennan County, Texas",no
"McLeod County, Minnesota",no
"McMinn County, Tennessee",no
"McMullen County, Texas",no
"McNairy County, Tennessee",no
"McPherson County, Kansas",no
"McPherson County, Nebraska",no
"McPherson County, South Dakota",no
"Meade County, Kansas",no
"Meade County, Kentucky",no
"Meade County, South Dakota",no
"Meagher County, Montana",no
"Mecklenburg County, North Carolina",no
"Mecklenburg County, Virginia",no
"Mecosta County, Michigan",no
"Medina County, Ohio",no
"Medina County, Texas",no
"Meeker County, Minnesota",no
"Meigs County, Ohio",no
"Meigs County, Tennessee",no
"Menard County, Illinois",no
"Menard County, Texas",no
"Mendocino County, California",no
"Menominee County, Michigan",no
"Merced County, California",no
"Mercer County, Illinois",no
"Mercer County, Kentucky",no
"Mercer County, Missouri",no
"Mercer County, New Jersey",no
"Mercer County, North Dakota",no
"Mercer County, Ohio",no
"Mercer County, Pennsylvania",no
"Mercer County, West Virginia",no
"Meriwether County, Georgia",no
"Merrick County, Nebraska",no
"Merrimack County, New Hampshire",no
"Mesa County, Colorado",no
"Metcalfe County, Kentucky",no
"Miami County, Indiana",no
"Miami County, Kansas",no
"Miami County, Ohio",no
"Middlesex County, Connecticut",no
"Middlesex County, Massachusetts",no
"Middlesex County, New Jersey",no
"Middlesex County, Virginia",no
"Midland County, Michigan",no
"Midland County, Texas",no
"Mifflin County, Pennsylvania",no
"Milam County, Texas",no
"Millard County, Utah",no
"Mille Lacs County, Minnesota",no
"Miller County, Arkansas",no
"Miller County, Georgia",no
"Miller County, Missouri",no
"Mills County, Iowa",no
"Mills County, Texas",no
"Milwaukee County, Wisconsin",no
"Miner County, South Dakota",no
"Mineral County, Colorado",no
"Mineral County, Montana",no
"Mineral County, Nevada",no
"Mineral County, West Virginia",no
"Minidoka County, Idaho",no
"Minnehaha County, South Dakota",no
"Missaukee County, Michigan",no
"Missoula County, Montana",no
"Mitchell County, Iowa",no
"Mitchell County, Kansas",no
"Mitchell County, North Carolina",no
"Mitchell County, Texas",no
"Mobile County, Alabama",no
"Modoc County, California",no
"Moffat County, Colorado",no
"Mohave County, Arizona",no
"Moniteau County, Missouri",no
"Monmouth County, New Jersey",no
"Mono County, California",no
"Monona County, Iowa",no
"Monroe County, Florida",no
"Monroe County, Georgia",no
"Monroe County, Illinois",no
"Monroe County, Indiana",no
"Monroe County, Iowa",no
"Monroe County, Michigan",no
"Monroe County, Mississippi",no
"Monroe County, Missouri",no
"Monroe County, New York",no
"Monroe County, Ohio",no
"Monroe County, Pennsylvania",no
"Monroe County, Tennessee",no
"Monroe County, West Virginia",no
"Monroe County, Wisconsin",no
"Montague County, Texas",no
"Montcalm County, Michigan",no
"Monterey County, California",no
"Montezuma County, Colorado",no
"Montgomery County, Alabama",no
"Montgomery County, Arkansas",no
"Montgomery County, Georgia",no
"Montgomery County, Illinois",no
"Montgomery County, Indiana",no
"Montgomery County, Iowa",no
"Montgomery County, Kansas",no
"Montgomery County, Kentucky",no
"Montgomery County, Maryland",no
"Montgomery County, Missouri",no
"Montgomery County, New York",no
"Montgomery County, North Carolina",no
"Montgomery County, Ohio",no
"Montgomery County, Pennsylvania",no
"Montgomery County, Tennessee",no
"Montgomery County, Texas",no
"Montmorency County, Michigan",no
"Montour County, Pennsylvania",no
"Montrose County, Colorado",no
"Moody County, South Dakota",no
"Moore County, North Carolina",no
"Moore County, Tennessee",no
"Moore County, Texas",no
"Mora County, New Mexico",no
"Morgan County, Alabama",no
"Morgan County, Colorado",no
"Morgan County, Georgia",no
"Morgan County, Illinois",no
"Morgan County, Indiana",no
"Morgan County, Missouri",no
"Morgan County, Ohio",no
"Morgan County, Tennessee",no
"Morgan County, Utah",no
"Morgan County, West Virginia",no
"Morrill County, Nebraska",no
"Morris County, Kansas",no
"Morris County, New Jersey",no
"Morris County, Texas",no
"Morrison County, Minnesota",no
"Morrow County, Ohio",no
"Morrow County, Oregon",no
"Morton County, Kansas",no
"Morton County, North Dakota",no
"Motley County, Texas",no
"Moultrie County, Illinois",no
"Mountrail County, North Dakota",no
"Mower County, Minnesota",no
"Muhlenberg County, Kentucky",no
"Multnomah County, Oregon",no
"Murray County, Georgia",no
"Murray County, Minnesota",no
"Murray County, Oklahoma",no
"Muscatine County, Iowa",no
"Muscogee County, Georgia",no
"Muskegon County, Michigan",no
"Muskingum County, Ohio",no
"Muskogee County, Oklahoma",no
"Musselshell County, Montana",no
"Nance County, Nebraska",no
"Nantucket County, Massachusetts",no
"Napa County, California",no
"Nash County, North Carolina",no
"Nassau County, Florida",no
"Nassau County, New York",no
"Natrona County, Wyoming",no
"Navarro County, Texas",no
"Nelson County, Kentucky",no
"Nelson County, North Dakota",no
"Nelson County, Virginia",no
"Nemaha County, Kansas",no
"Nemaha County, Nebraska",no
"Neosho County, Kansas",no
"Ness County, Kansas",no
"Nevada County, California",no
"New Castle County, Delaware",no
"New Hanover County, North Carolina",no
"New Haven County, Connecticut",no
"New Kent County, Virginia",no
"New London County, Connecticut",no
"New York County, New York",no
"Newaygo County, Michigan",no
"Newberry County, South Carolina",no
"Newport County, Rhode Island",no
"Newport News City, Virginia",no
"Newton County, Arkansas",no
"Newton County, Georgia",no
"Newton County, Indiana",no
"Newton County, Mississippi",no
"Newton County, Missouri",no
"Newton County, Texas",no
"Nez Perce County, Idaho",no
"Niagara County, New York",no
"Nicholas County, Kentucky",no
"Nicholas County, West Virginia",no
"Nicollet County, Minnesota",no
"Niobrara County, Wyoming",no
"Noble County, Indiana",no
"Noble County, Ohio",no
"Noble County, Oklahoma",no
"Nobles County, Minnesota",no
"Nodaway County, Missouri",no
"Nolan County, Texas",no
"Nome Census Area, Alaska",no
"Norfolk City, Virginia",no
"Norfolk County, Massachusetts",no
"Norman County, Minnesota",no
"North Slope Borough, Alaska",no
"Northampton County, Pennsylvania",no
"Northampton County, Virginia",no
"Northumberland County, Pennsylvania",no
"Northumberland County, Virginia",no
"Northwest Arctic Borough, Alaska",no
"Norton County, Kansas",no
"Nottoway County, Virginia",no
"Nowata County, Oklahoma",no
"Nuckolls County, Nebraska",no
"Nueces County, Texas",no
"Nye County, Nevada",no
"O'Brien County, Iowa",no
"Oakland County, Michigan",no
"Obion County, Tennessee",no
"Ocean County, New Jersey",no
"Oceana County, Michigan",no
"Ochiltree County, Texas",no
"Oconee County, Georgia",no
"Oconee County, South Carolina",no
"Oconto County, Wisconsin",no
"Ogemaw County, Michigan",no
"Ogle County, Illinois",no
"Oglethorpe County, Georgia",no
"Ohio County, Indiana",no
"Ohio County, Kentucky",no
"Ohio County, West Virginia",no
"Okaloosa County, Florida",no
"Okanogan County, Washington",no
"Okeechobee County, Florida",no
"Oklahoma County, Oklahoma",no
"Okmulgee County, Oklahoma",no
"Oldham County, Kentucky",no
"Oldham County, Texas",no
"Oliver County, North Dakota",no
"Olmsted County, Minnesota",no
"Oneida County, Idaho",no
"Oneida County, New York",no
"Oneida County, Wisconsin",no
"Onondaga County, New York",no
"Onslow County, North Carolina",no
"Ontario County, New York",no
"Ontonagon County, Michigan",no
"Orange County, California",no
"Orange County, Florida",no
"Orange County, Indiana",no
"Orange County, New York",no
"Orange County, North Carolina",no
"Orange County, Texas",no
"Orange County, Vermont",no
"Orange County, Virginia",no
"Orleans County, New York",no
"Orleans County, Vermont",no
"Osage County, Kansas",no
"Osage County, Missouri",no
"Osage County, Oklahoma",no
"Osborne County, Kansas",no
"Osceola County, Florida",no
"Osceola County, Iowa",no
"Osceola County, Michigan",no
"Oscoda County, Michigan",no
"Oswego County, New York",no
"Otero County, Colorado",no
"Otero County, New Mexico",no
"Otoe County, Nebraska",no
"Otsego County, Michigan",no
"Otsego County, New York",no
"Ottawa County, Kansas",no
"Ottawa County, Michigan",no
"Ottawa County, Ohio",no
"Ottawa County, Oklahoma",no
"Otter Tail County, Minnesota",no
"Ouachita County, Arkansas",no
"Ouray County, Colorado",no
"Outagamie County, Wisconsin",no
"Overton County, Tennessee",no
"Owen County, Indiana",no
"Owen County, Kentucky",no
"Owyhee County, Idaho",no
"Oxford County, Maine",no
"Ozark County, Missouri",no
"Ozaukee County, Wisconsin",no
"Pacific County, Washington",no
"Page County, Iowa",no
"Page County, Virginia",no
"Palm Beach County, Florida",no
"Palo Alto County, Iowa",no
"Palo Pinto County, Texas",no
"Pamlico County, North Carolina",no
"Panola County, Texas",no
"Park County, Colorado",no
"Park County, Montana",no
"Park County, Wyoming",no
"Parke County, Indiana",no
"Parker County, Texas",no
"Parmer County, Texas",no
"Pasco County, Florida",no
"Pasquotank County, North Carolina",no
"Passaic County, New Jersey",no
"Patrick County, Virginia",no
"Paulding County, Georgia",no
"Paulding County, Ohio",no
"Pawnee County, Kansas",no
"Pawnee County, Nebraska",no
"Pawnee County, Oklahoma",no
"Payette County, Idaho",no
"Pearl River County, Mississippi",no
"Pecos County, Texas",no
"Pembina County, North Dakota",no
"Pend Oreille County, Washington",no
"Pender County, North Carolina",no
"Pendleton County, Kentucky",no
"Pendleton County, West Virginia",no
"Pennington County, Minnesota",no
"Pennington County, South Dakota",no
"Penobscot County, Maine",no
"Peoria County, Illinois",no
"Pepin County, Wisconsin",no
"Perkins County, Nebraska",no
"Perkins County, South Dakota",no
"Perquimans County, North Carolina",no
"Perry County, Arkansas",no
"Perry County, Illinois",no
"Perry County, Indiana",no
"Perry County, Mississippi",no
"Perry County, Missouri",no
"Perry County, Ohio",no
"Perry County, Pennsylvania",no
"Perry County, Tennessee",no
"Pershing County, Nevada",no
"Person County, North Carolina",no
"Petersburg City, Virginia",no
"Petroleum County, Montana",no
"Pettis County, Missouri",no
"Phelps County, Missouri",no
"Phelps County, Nebraska",no
"Phillips County, Colorado",no
"Phillips County, Kansas",no
"Phillips County, Montana",no
"Piatt County, Illinois",no
"Pickaway County, Ohio",no
"Pickens County, Georgia",no
"Pickens County, South Carolina",no
"Pickett County, Tennessee",no
"Pierce County, Georgia",no
"Pierce County, Nebraska",no
"Pierce County, North Dakota",no
"Pierce County, Washington",no
"Pierce County, Wisconsin",no
"Pike County, Arkansas",no
"Pike County, Georgia",no
"Pike County, Illinois",no
"Pike County, Indiana",no
"Pike County, Missouri",no
"Pike County, Ohio",no
"Pike County, Pennsylvania",no
"Pima County, Arizona",no
"Pinal County, Arizona",no
"Pine County, Minnesota",no
"Pinellas County, Florida",no
"Pipestone County, Minnesota",no
"Piscataquis County, Maine",no
"Pitkin County, Colorado",no
"Pittsburg County, Oklahoma",no
"Pittsylvania County, Virginia",no
"Piute County, Utah",no
"Placer County, California",no
"Plaquemines Parish, Louisiana",no
"Platte County, Missouri",no
"Platte County, Nebraska",no
"Platte County, Wyoming",no
"Pleasants County, West Virginia",no
"Plumas County, California",no
"Plymouth County, Iowa",no
"Plymouth County, Massachusetts",no
"Pocahontas County, Iowa",no
"Pocahontas County, West Virginia",no
"Pointe Coupee Parish, Louisiana",no
"Polk County, Arkansas",no
"Polk County, Florida",no
"Polk County, Georgia",no
"Polk County, Iowa",no
"Polk County, Minnesota",no
"Polk County, Missouri",no
"Polk County, Nebraska",no
"Polk County, North Carolina",no
"Polk County, Oregon",no
"Polk County, Tennessee",no
"Polk County, Texas",no
"Polk County, Wisconsin",no
"Pondera County, Montana",no
"Pontotoc County, Mississippi",no
"Pontotoc County, Oklahoma",no
"Pope County, Arkansas",no
"Pope County, Illinois",no
"Pope County, Minnesota",no
"Poquoson City, Virginia",no
"Portage County, Ohio",no
"Portage County, Wisconsin",no
"Porter County, Indiana",no
"Portsmouth City, Virginia",no
"Posey County, Indiana",no
"Pottawatomie County, Kansas",no
"Pottawatomie County, Oklahoma",no
"Pottawattamie County, Iowa",no
"Potter County, Pennsylvania",no
"Potter County, South Dakota",no
"Potter County, Texas",no
"Powder River County, Montana",no
"Powell County, Montana",no
"Power County, Idaho",no
"Poweshiek County, Iowa",no
"Powhatan County, Virginia",no
"Prairie County, Arkansas",no
"Pratt County, Kansas",no
"Preble County, Ohio",no
"Prentiss County, Mississippi",no
"Presque Isle County, Michigan",no
"Preston County, West Virginia",no
"Price County, Wisconsin",no
"Prince Edward County, Virginia",no
"Prince George County, Virginia",no
"Prince Georges County, Maryland",no
"Prince William County, Virginia",no
"Providence County, Rhode Island",no
"Prowers County, Colorado",no
"Pueblo County, Colorado",no
"Pulaski County, Arkansas",no
"Pulaski County, Georgia",no
"Pulaski County, Indiana",no
"Pulaski County, Kentucky",no
"Pulaski County, Missouri",no
"Pulaski County, Virginia",no
"Putnam County, Florida",no
"Putnam County, Georgia",no
"Putnam County, Illinois",no
"Putnam County, Indiana",no
"Putnam County, Missouri",no
"Putnam County, New York",no
"Putnam County, Ohio",no
"Putnam County, Tennessee",no
"Putnam County, West Virginia",no
"Queen Annes County, Maryland",no
"Queens County, New York",no
"Rabun County, Georgia",no
"Racine County, Wisconsin",no
"Rains County, Texas",no
"Raleigh County, West Virginia",no
"Ralls County, Missouri",no
"Ramsey County, Minnesota",no
"Ramsey County, North Dakota",no
"Randall County, Texas",no
"Randolph County, Alabama",no
"Randolph County, Arkansas",no
"Randolph County, Illinois",no
"Randolph County, Indiana",no
"Randolph County, Missouri",no
"Randolph County, North Carolina",no
"Randolph County, West Virginia",no
"Rankin County, Mississippi",no
"Ransom County, North Dakota",no
"Rapides Parish, Louisiana",no
"Rappahannock County, Virginia",no
"Ravalli County, Montana",no
"Rawlins County, Kansas",no
"Ray County, Missouri",no
"Reagan County, Texas",no
"Red Lake County, Minnesota",no
"Red River County, Texas",no
"Red Willow County, Nebraska",no
"Redwood County, Minnesota",no
"Reeves County, Texas",no
"Refugio County, Texas",no
"Reno County, Kansas",no
"Rensselaer County, New York",no
"Renville County, Minnesota",no
"Renville County, North Dakota",no
"Republic County, Kansas",no
"Reynolds County, Missouri",no
"Rhea County, Tennessee",no
"Rice County, Kansas",no
"Rice County, Minnesota",no
"Rich County, Utah",no
"Richardson County, Nebraska",no
"Richland County, Illinois",no
"Richland County, Montana",no
"Richland County, North Dakota",no
"Richland County, Ohio",no
"Richland County, South Carolina",no
"Richland County, Wisconsin",no
"Richmond County, Georgia",no
"Richmond County, New York",no
"Richmond County, North Carolina",no
"Richmond County, Virginia",no
"Ringgold County, Iowa",no
"Rio Arriba County, New Mexico",no
"Rio Grande County, Colorado",no
"Ripley County, Indiana",no
"Ritchie County, West Virginia",no
"Riverside County, California",no
"Roane County, Tennessee",no
"Roane County, West Virginia",no
"Roanoke City, Virginia",no
"Roanoke County, Virginia",no
"Roberts County, Texas",no
"Robertson County, Tennessee",no
"Robertson County, Texas",no
"Rock County, Minnesota",no
"Rock County, Nebraska",no
"Rock County, Wisconsin",no
"Rock Island County, Illinois",no
"Rockbridge County, Virginia",no
"Rockcastle County, Kentucky",no
"Rockdale County, Georgia",no
"Rockingham County, New Hampshire",no
"Rockingham County, North Carolina",no
"Rockingham County, Virginia",no
"Rockland County, New York",no
"Rockwall County, Texas",no
"Roger Mills County, Oklahoma",no
"Rogers County, Oklahoma",no
"Rooks County, Kansas",no
"Roscommon County, Michigan",no
"Roseau County, Minnesota",no
"Rosebud County, Montana",no
"Ross County, Ohio",no
"Routt County, Colorado",no
"Rowan County, North Carolina",no
"Runnels County, Texas",no
"Rush County, Indiana",no
"Rush County, Kansas",no
"Rusk County, Texas",no
"Rusk County, Wisconsin",no
"Russell County, Alabama",no
"Russell County, Kansas",no
"Russell County, Virginia",no
"Rutherford County, North Carolina",no
"Rutherford County, Tennessee",no
"Rutland County, Vermont",no
"Sabine County, Texas",no
"Sabine Parish, Louisiana",no
"Sac County, Iowa",no
"Sacramento County, California",no
"Sagadahoc County, Maine",no
"Saginaw County, Michigan",no
"Saguache County, Colorado",no
"Salem City, Virginia",no
"Salem County, New Jersey",no
"Saline County, Arkansas",no
"Saline County, Illinois",no
"Saline County, Kansas",no
"Saline County, Missouri",no
"Saline County, Nebraska",no
"Salt Lake County, Utah",no
"Saluda County, South Carolina",no
"Sampson County, North Carolina",no
"San Benito County, California",no
"San Bernardino County, California",no
"San Diego County, California",no
"San Francisco County, California",no
"San Jacinto County, Texas",no
"San Joaquin County, California",no
"San Juan County, Colorado",no
"San Juan County, New Mexico",no
"San Juan County, Washington",no
"San Luis Obispo County, California",no
"San Mateo County, California",no
"San Miguel County, Colorado",no
"San Patricio County, Texas",no
"San Saba County, Texas",no
"Sanborn County, South Dakota",no
"Sanders County, Montana",no
"Sandoval County, New Mexico",no
"Sandusky County, Ohio",no
"Sangamon County, Illinois",no
"Sanilac County, Michigan",no
"Sanpete County, Utah",no
"Santa Barbara County, California",no
"Santa Clara County, California",no
"Santa Cruz County, California",no
"Santa Fe County, New Mexico",no
"Santa Rosa County, Florida",no
"Sarasota County, Florida",no
"Saratoga County, New York",no
"Sargent County, North Dakota",no
"Sarpy County, Nebraska",no
"Sauk County, Wisconsin",no
"Saunders County, Nebraska",no
"Sawyer County, Wisconsin",no
"Schenectady County, New York",no
"Schleicher County, Texas",no
"Schley County, Georgia",no
"Schoharie County, New York",no
"Schoolcraft County, Michigan",no
"Schuyler County, Illinois",no
"Schuyler County, Missouri",no
"Schuyler County, New York",no
"Schuylkill County, Pennsylvania",no
"Scioto County, Ohio",no
"Scotland County, Missouri",no
"Scotland County, North Carolina",no
"Scott County, Arkansas",no
"Scott County, Illinois",no
"Scott County, Indiana",no
"Scott County, Iowa",no
"Scott County, Kansas",no
"Scott County, Kentucky",no
"Scott County, Minnesota",no
"Scott County, Missouri",no
"Scott County, Virginia",no
"Scotts Bluff County, Nebraska",no
"Scurry County, Texas",no
"Sebastian County, Arkansas",no
"Sedgwick County, Colorado",no
"Sedgwick County, Kansas",no
"Seminole County, Florida",no
"Seneca County, New York",no
"Seneca County, Ohio",no
"Sequatchie County, Tennessee",no
"Sequoyah County, Oklahoma",no
"Sevier County, Arkansas",no
"Sevier County, Tennessee",no
"Sevier County, Utah",no
"Seward County, Kansas",no
"Seward County, Nebraska",no
"Shackelford County, Texas",no
"Sharp County, Arkansas",no
"Shasta County, California",no
"Shawano County, Wisconsin",no
"Shawnee County, Kansas",no
"Sheboygan County, Wisconsin",no
"Shelby County, Alabama",no
"Shelby County, Illinois",no
"Shelby County, Indiana",no
"Shelby County, Iowa",no
"Shelby County, Kentucky",no
"Shelby County, Missouri",no
"Shelby County, Ohio",no
"Shelby County, Tennessee",no
"Shelby County, Texas",no
"Shenandoah County, Virginia",no
"Sherburne County, Minnesota",no
"Sheridan County, Kansas",no
"Sheridan County, Montana",no
"Sheridan County, Nebraska",no
"Sheridan County, North Dakota",no
"Sheridan County, Wyoming",no
"Sherman County, Kansas",no
"Sherman County, Nebraska",no
"Sherman County, Oregon",no
"Sherman County, Texas",no
"Shiawassee County, Michigan",no
"Shoshone County, Idaho",no
"Sibley County, Minnesota",no
"Sierra County, California",no
"Sierra County, New Mexico",no
"Silver Bow County, Montana",no
"Simpson County, Kentucky",no
"Simpson County, Mississippi",no
"Sioux County, Iowa",no
"Sioux County, Nebraska",no
"Siskiyou County, California",no
"Sitka Borough, Alaska",no
"Skagit County, Washington",no
"Skamania County, Washington",no
"Slope County, North Dakota",no
"Smith County, Kansas",no
"Smith County, Mississippi",no
"Smith County, Tennessee",no
"Smith County, Texas",no
"Smyth County, Virginia",no
"Snohomish County, Washington",no
"Snyder County, Pennsylvania",no
"Solano County, California",no
"Somerset County, Maine",no
"Somerset County, Maryland",no
"Somerset County, New Jersey",no
"Somerset County, Pennsylvania",no
"Somervell County, Texas",no
"Sonoma County, California",no
"Southampton County, Virginia",no
"Southeast Fairbanks Census Area, Alaska",no
"Spalding County, Georgia",no
"Spartanburg County, South Carolina",no
"Spencer County, Indiana",no
"Spencer County, Kentucky",no
"Spink County, South Dakota",no
"Spokane County, Washington",no
"Spotsylvania County, Virginia",no
"St. Bernard Parish, Louisiana",no
"St. Charles County, Missouri",no
"St. Charles Parish, Louisiana",no
"St. Clair County, Alabama",no
"St. Clair County, Illinois",no
"St. Clair County, Michigan",no
"St. Clair County, Missouri",no
"St. Croix County, Wisconsin",no
"St. Francois County, Missouri",no
"St. Helena Parish, Louisiana",no
"St. James Parish, Louisiana",no
"St. John the Baptist Parish, Louisiana",no
"St. Johns County, Florida",no
"St. Joseph County, Indiana",no
"St. Joseph County, Michigan",no
"St. Lawrence County, New York",no
"St. Louis County, Minnesota",no
"St. Louis County, Missouri",no
"St. Lucie County, Florida",no
"St. Martin Parish, Louisiana",no
"St. Mary Parish, Louisiana",no
"St. Marys County, Maryland",no
"St. Tammany Parish, Louisiana",no
"Stafford County, Kansas",no
"Stafford County, Virginia",no
"Stanislaus County, California",no
"Stanley County, South Dakota",no
"Stanly County, North Carolina",no
"Stanton County, Kansas",no
"Stanton County, Nebraska",no
"Stark County, Illinois",no
"Stark County, North Dakota",no
"Stark County, Ohio",no
"Starke County, Indiana",no
"Staunton City, Virginia",no
"Ste. Genevieve County, Missouri",no
"Stearns County, Minnesota",no
"Steele County, Minnesota",no
"Steele County, North Dakota",no
"Stephens County, Georgia",no
"Stephens County, Oklahoma",no
"Stephens County, Texas",no
"Stephenson County, Illinois",no
"Sterling County, Texas",no
"Steuben County, Indiana",no
"Steuben County, New York",no
"Stevens County, Kansas",no
"Stevens County, Minnesota",no
"Stevens County, Washington",no
"Stewart County, Tennessee",no
"Stillwater County, Montana",no
"Stoddard County, Missouri",no
"Stokes County, North Carolina",no
"Stone County, Arkansas",no
"Stone County, Mississippi",no
"Stone County, Missouri",no
"Stonewall County, Texas",no
"Storey County, Nevada",no
"Story County, Iowa",no
"Strafford County, New Hampshire",no
"Stutsman County, North Dakota",no
"Sublette County, Wyoming",no
"Suffolk City, Virginia",no
"Suffolk County, Massachusetts",no
"Suffolk County, New York",no
"Sullivan County, Indiana",no
"Sullivan County, Missouri",no
"Sullivan County, New Hampshire",no
"Sullivan County, New York",no
"Sullivan County, Pennsylvania",no
"Sullivan County, Tennessee",no
"Sully County, South Dakota",no
"Summers County, West Virginia",no
"Summit County, Colorado",no
"Summit County, Ohio",no
"Summit County, Utah",no
"Sumner County, Kansas",no
"Sumner County, Tennessee",no
"Sumter County, Florida",no
"Sumter County, South Carolina",no
"Surry County, North Carolina",no
"Surry County, Virginia",no
"Susquehanna County, Pennsylvania",no
"Sussex County, Delaware",no
"Sussex County, New Jersey",no
"Sussex County, Virginia",no
"Sutter County, California",no
"Sutton County, Texas",no
"Suwannee County, Florida",no
"Swain County, North Carolina",no
"Sweet Grass County, Montana",no
"Sweetwater County, Wyoming",no
"Swift County, Minnesota",no
"Swisher County, Texas",no
"Switzerland County, Indiana",no
"Talbot County, Georgia",no
"Talbot County, Maryland",no
"Talladega County, Alabama",no
"Tallapoosa County, Alabama",no
"Tama County, Iowa",no
"Taney County, Missouri",no
"Taos County, New Mexico",no
"Tarrant County, Texas",no
"Tate County, Mississippi",no
"Taylor County, Florida",no
"Taylor County, Iowa",no
"Taylor County, Kentucky",no
"Taylor County, Texas",no
"Taylor County, West Virginia",no
"Taylor County, Wisconsin",no
"Tazewell County, Illinois",no
"Tazewell County, Virginia",no
"Tehama County, California",no
"Teller County, Colorado",no
"Terrebonne Parish, Louisiana",no
"Terrell County, Texas",no
"Terry County, Texas",no
"Teton County, Idaho",no
"Teton County, Montana",no
"Teton County, Wyoming",no
"Texas County, Oklahoma",no
"Thayer County, Nebraska",no
"Thomas County, Georgia",no
"Thomas County, Kansas",no
"Thomas County, Nebraska",no
"Throckmorton County, Texas",no
"Thurston County, Washington",no
"Tift County, Georgia",no
"Tillamook County, Oregon",no
"Tillman County, Oklahoma",no
"Tioga County, New York",no
"Tioga County, Pennsylvania",no
"Tippah County, Mississippi",no
"Tippecanoe County, Indiana",no
"Tipton County, Indiana",no
"Tipton County, Tennessee",no
"Tishomingo County, Mississippi",no
"Titus County, Texas",no
"Todd County, Kentucky",no
"Todd County, Minnesota",no
"Tolland County, Connecticut",no
"Tom Green County, Texas",no
"Tompkins County, New York",no
"Tooele County, Utah",no
"Toole County, Montana",no
"Torrance County, New Mexico",no
"Towner County, North Dakota",no
"Towns County, Georgia",no
"Traill County, North Dakota",no
"Transylvania County, North Carolina",no
"Traverse County, Minnesota",no
"Travis County, Texas",no
"Treasure County, Montana",no
"Trego County, Kansas",no
"Trempealeau County, Wisconsin",no
"Trigg County, Kentucky",no
"Trimble County, Kentucky",no
"Trinity County, California",no
"Trinity County, Texas",no
"Tripp County, South Dakota",no
"Troup County, Georgia",no
"Trousdale County, Tennessee",no
"Trumbull County, Ohio",no
"Tucker County, West Virginia",no
"Tulsa County, Oklahoma",no
"Tuolumne County, California",no
"Turner County, South Dakota",no
"Tuscaloosa County, Alabama",no
"Tuscarawas County, Ohio",no
"Tuscola County, Michigan",no
"Twiggs County, Georgia",no
"Twin Falls County, Idaho",no
"Tyler County, Texas",no
"Tyler County, West Virginia",no
"Uinta County, Wyoming",no
"Uintah County, Utah",no
"Ulster County, New York",no
"Umatilla County, Oregon",no
"Unicoi County, Tennessee",no
"Union County, Arkansas",no
"Union County, Florida",no
"Union County, Georgia",no
"Union County, Illinois",no
"Union County, Indiana",no
"Union County, Iowa",no
"Union County, Kentucky",no
"Union County, Mississippi",no
"Union County, New Jersey",no
"Union County, New Mexico",no
"Union County, North Carolina",no
"Union County, Ohio",no
"Union County, Oregon",no
"Union County, Pennsylvania",no
"Union County, South Carolina",no
"Union County, South Dakota",no
"Union County, Tennessee",no
"Union Parish, Louisiana",no
"Upshur County, Texas",no
"Upshur County, West Virginia",no
"Upson County, Georgia",no
"Upton County, Texas",no
"Utah County, Utah",no
"Uvalde County, Texas",no
"Valdez-Cordova Census Area, Alaska",no
"Valencia County, New Mexico",no
"Valley County, Idaho",no
"Valley County, Montana",no
"Valley County, Nebraska",no
"Van Buren County, Arkansas",no
"Van Buren County, Iowa",no
"Van Buren County, Michigan",no
"Van Buren County, Tennessee",no
"Van Wert County, Ohio",no
"Van Zandt County, Texas",no
"Vance County, North Carolina",no
"Vanderburgh County, Indiana",no
"Venango County, Pennsylvania",no
"Ventura County, California",no
"Vermilion County, Illinois",no
"Vermilion Parish, Louisiana",no
"Vermillion County, Indiana",no
"Vernon County, Missouri",no
"Vernon County, Wisconsin",no
"Vernon Parish, Louisiana",no
"Victoria County, Texas",no
"Vigo County, Indiana",no
"Vilas County, Wisconsin",no
"Vinton County, Ohio",no
"Virginia Beach City, Virginia",no
"Volusia County, Florida",no
"Wabash County, Illinois",no
"Wabash County, Indiana",no
"Wabasha County, Minnesota",no
"Wabaunsee County, Kansas",no
"Wadena County, Minnesota",no
"Wagoner County, Oklahoma",no
"Wahkiakum County, Washington",no
"Wake County, North Carolina",no
"Wakulla County, Florida",no
"Waldo County, Maine",no
"Walker County, Alabama",no
"Walker County, Georgia",no
"Walker County, Texas",no
"Walla Walla County, Washington",no
"Wallace County, Kansas",no
"Waller County, Texas",no
"Wallowa County, Oregon",no
"Walsh County, North Dakota",no
"Walton County, Florida",no
"Walton County, Georgia",no
"Walworth County, South Dakota",no
"Walworth County, Wisconsin",no
"Wapello County, Iowa",no
"Ward County, North Dakota",no
"Ward County, Texas",no
"Warren County, Illinois",no
"Warren County, Indiana",no
"Warren County, Iowa",no
"Warren County, Kentucky",no
"Warren County, Mississippi",no
"Warren County, Missouri",no
"Warren County, New Jersey",no
"Warren County, New York",no
"Warren County, North Carolina",no
"Warren County, Ohio",no
"Warren County, Pennsylvania",no
"Warren County, Tennessee",no
"Warren County, Virginia",no
"Warrick County, Indiana",no
"Wasatch County, Utah",no
"Wasco County, Oregon",no
"Waseca County, Minnesota",no
"Washakie County, Wyoming",no
"Washburn County, Wisconsin",no
"Washington County, Alabama",no
"Washington County, Arkansas",no
"Washington County, Colorado",no
"Washington County, Florida",no
"Washington County, Idaho",no
"Washington County, Illinois",no
"Washington County, Indiana",no
"Washington County, Iowa",no
"Washington County, Kansas",no
"Washington County, Kentucky",no
"Washington County, Maine",no
"Washington County, Maryland",no
"Washington County, Minnesota",no
"Washington County, Nebraska",no
"Washington County, New York",no
"Washington County, Ohio",no
"Washington County, Oklahoma",no
"Washington County, Oregon",no
"Washington County, Pennsylvania",no
"Washington County, Rhode Island",no
"Washington County, Tennessee",no
"Washington County, Texas",no
"Washington County, Utah",no
"Washington County, Vermont",no
"Washington County, Virginia",no
"Washington County, Wisconsin",no
"Washita County, Oklahoma",no
"Washoe County, Nevada",no
"Washtenaw County, Michigan",no
"Watauga County, North Carolina",no
"Watonwan County, Minnesota",no
"Waukesha County, Wisconsin",no
"Waupaca County, Wisconsin",no
"Waushara County, Wisconsin",no
"Wayne County, Georgia",no
"Wayne County, Illinois",no
"Wayne County, Indiana",no
"Wayne County, Iowa",no
"Wayne County, Michigan",no
"Wayne County, Nebraska",no
"Wayne County, New York",no
"Wayne County, North Carolina",no
"Wayne County, Ohio",no
"Wayne County, Pennsylvania",no
"Wayne County, Tennessee",no
"Wayne County, Utah",no
"Wayne County, West Virginia",no
"Waynesboro City, Virginia",no
"Weakley County, Tennessee",no
"Weber County, Utah",no
"Webster County, Georgia",no
"Webster County, Iowa",no
"Webster County, Kentucky",no
"Webster County, Mississippi",no
"Webster County, Missouri",no
"Webster County, Nebraska",no
"Weld County, Colorado",no
"Wells County, Indiana",no
"Wells County, North Dakota",no
"West Baton Rouge Parish, Louisiana",no
"West Feliciana Parish, Louisiana",no
"Westchester County, New York",no
"Westmoreland County, Pennsylvania",no
"Westmoreland County, Virginia",no
"Weston County, Wyoming",no
"Wetzel County, West Virginia",no
"Wexford County, Michigan",no
"Wharton County, Texas",no
"Whatcom County, Washington",no
"Wheatland County, Montana",no
"Wheeler County, Nebraska",no
"Wheeler County, Oregon",no
"Wheeler County, Texas",no
"White County, Arkansas",no
"White County, Georgia",no
"White County, Illinois",no
"White County, Indiana",no
"White County, Tennessee",no
"White Pine County, Nevada",no
"Whiteside County, Illinois",no
"Whitfield County, Georgia",no
"Whitley County, Indiana",no
"Wibaux County, Montana",no
"Wichita County, Kansas",no
"Wichita County, Texas",no
"Wicomico County, Maryland",no
"Wilbarger County, Texas",no
"Wilkes County, Georgia",no
"Wilkes County, North Carolina",no
"Wilkin County, Minnesota",no
"Wilkinson County, Georgia",no
"Will County, Illinois",no
"Williams County, North Dakota",no
"Williams County, Ohio",no
"Williamsburg City, Virginia",no
"Williamson County, Illinois",no
"Williamson County, Tennessee",no
"Williamson County, Texas",no
"Wilson County, Kansas",no
"Wilson County, North Carolina",no
"Wilson County, Tennessee",no
"Wilson County, Texas",no
"Winchester City, Virginia",no
"Windham County, Connecticut",no
"Windham County, Vermont",no
"Windsor County, Vermont",no
"Winkler County, Texas",no
"Winn Parish, Louisiana",no
"Winnebago County, Illinois",no
"Winnebago County, Iowa",no
"Winnebago County, Wisconsin",no
"Winneshiek County, Iowa",no
"Winona County, Minnesota",no
"Winston County, Alabama",no
"Wirt County, West Virginia",no
"Wise County, Texas",no
"Wise County, Virginia",no
"Wood County, Ohio",no
"Wood County, Texas",no
"Wood County, West Virginia",no
"Wood County, Wisconsin",no
"Woodbury County, Iowa",no
"Woodford County, Illinois",no
"Woodford County, Kentucky",no
"Woods County, Oklahoma",no
"Woodson County, Kansas",no
"Woodward County, Oklahoma",no
"Worcester County, Maryland",no
"Worcester County, Massachusetts",no
"Worth County, Georgia",no
"Worth County, Iowa",no
"Worth County, Missouri",no
"Wright County, Iowa",no
"Wright County, Minnesota",no
"Wyandot County, Ohio",no
"Wyandotte County, Kansas",no
"Wyoming County, New York",no
"Wyoming County, Pennsylvania",no
"Wyoming County, West Virginia",no
"Wythe County, Virginia",no
"Yadkin County, North Carolina",no
"Yakima County, Washington",no
"Yalobusha County, Mississippi",no
"Yamhill County, Oregon",no
"Yancey County, North Carolina",no
"Yankton County, South Dakota",no
"Yates County, New York",no
"Yavapai County, Arizona",no
"Yell County, Arkansas",no
"Yellow Medicine County, Minnesota",no
"Yellowstone County, Montana",no
"Yoakum County, Texas",no
"Yolo County, California",no
"York County, Maine",no
"York County, Nebraska",no
"York County, Pennsylvania",no
"York County, South Carolina",no
"York County, Virginia",no
"Young County, Texas",no
"Yuba County, California",no
"Yuma County, Arizona",no
"Yuma County, Colorado",no
Puerto Rico,data not available
"Borden County, Texas",data not available
"Broomfield County, Colorado",data not available
"Clark County, Idaho",data not available
"Denali, Alaska",data not available
"Dolores County, Colorado",data not available
"Eureka County, Nevada",data not available
"Glasscock County, Texas",data not available
"Hoonah-Angoon Census Area, Alaska",data not available
"Kenedy County, Texas",data not available
"King County, Texas",data not available
"Loving County, Texas",data not available
"Miami-Dade County, Florida",data not available
"Petersburg Census Area, Alaska",data not available
"Prairie County, Montana",data not available
"Prince of Wales-Hyder Census Area, Alaska",data not available
"Rio Blanco County, Colorado",data not available
"Skagway Municipality, Alaska",data not available
"Wrangell Borough, Alaska",data not available
"Yakutat City and Borough, Alaska",data not available
